STATUS, PROSPECT_ID, POTENTIAL, FIRST_NAME, LAST_NAME, COMPANY_NAME, DATE_PROFILED, DATE_MET, DATE_OPENED, DATE_FUNDED, FUNDING_DEADLINE, DATE_DROPPED, CURRENT_FUNDING, TARGET_NNA_CURRENCY, TARGET_NNA_MILLIONS, CITY, RELATIONSHIP_MANAGER_PID, RELATIONSHIP_MANAGER_OECODE, RELATIONSHIP_MANAGER_TEAM, IS_POLITICALLY_EXPOSED_PERSON, IS_PLATINUM_CLIENT, HOBBIES
Dropped,7089362, USD 5 Mio - 10 Mio, Beard, Ramone, AFLAC Incorporated, 21/11/2014, , , , , 20/09/2015, , SGD, 15.000.000, Singapore, M247785, PBWS 10, Raffles 9, N, N, Yachting|Startups|Hunting|Watches|Tennis
Met,5424155, USD 1 Mio - 3 Mio, Dejesus, Bernice, AGCO Corporation, 12/08/2016, 13/08/2016, , , , , , SGD, 10.000.000, Hong Kong, M218322, PBWS 10, Raffles 9, N, N, Tennis|Mountaineering|Octopus Watching|Watches|Fishing|Hunting|Wine
Met,1608193, > USD 20 Mio, Stuart, Alaya, Agilent Technologies Inc., 14/08/2016, 25/08/2016, , , , , , USD, 5.000.000, Depok, M292048, PWTB 173, Raffles 1337, N, N, Fishing|Reading|Skiing|Mountaineering|Hunting
Dropped,21820846, < USD 1 Mio, Fowler, Shola, Agway Inc., 27/06/2018, , , , , 01/08/2018, , SGD, 15.000.000, Manila, M379655, PBWS, Market Group, Y, Y, Wine|Golf|Scuba Diving|Fashion|Knitting|Motorsports|Philantropy|Ballooning
Profiled,98750899, > USD 20 Mio, Gale, Liyah, Apartment Investment and Management Company, 20/07/2015, , , , , , , SGD, 10.000.000, Singapore, M472665, PBWS, Market Group, N, N, Mountaineering|Art|Startups|Skiing|Ballooning|Wine|Hunting|Philantropy
Met,2405517, USD 1 Mio - 3 Mio, Maldonado, Halima, Air Products and Chemicals Inc., 29/07/2016, 04/08/2016, , , , , , USD, 30.000.000, Bangkok, M292048, PWTB 173, Raffles 1337, N, N, Motorsports|Tennis|Fishing|Exercise|Ballooning
Met,41163759, USD 5 Mio - 10 Mio, Howard, Heidi, Airborne Inc., 15/01/2015, 19/01/2015, , , , , , USD, 15.000.000, Singapore, M472665, PBWS, Market Group, N, Y, Tennis|Fishing|Bird watching|Philantropy|Reading|Exercise
Profiled,3470153, > USD 20 Mio, Downs, Eva, Airgas Inc., 10/02/2015, , , , , , , USD, 100.000.000, Singapore, M292048, PWTB 173, Raffles 1337, N, N, Bird watching|Octopus Watching|Startups|Software Development|Exercise
Dropped,3136340, > USD 20 Mio, Fraser, Aleah, AK Steel Holding Corporation, 02/06/2017, , , , , 27/02/2018, , SGD, 15.000.000, Jakarta, M545894, PBWS 12, Raffles 1, N, Y, Skiing|Exercise|Mountaineering|Reading|Scuba Diving|Fishing|Octopus Watching|Hunting
Dropped,9542528, < USD 1 Mio, Archer, Yanis, Alaska Air Group Inc., 13/02/2018, , , , , 15/08/2018, , SGD, 15.000.000, Jakarta, M292048, PWTB 173, Raffles 1337, N, N, Wine|Knitting|Reading
Met,378581, USD 5 Mio - 10 Mio, Lambert, Trinity, Alberto-Culver Company, 01/09/2018, 14/09/2018, , , , , , SGD, 10.000.000, Singapore, M020921, PBWS 101, APC Southeast Asia, Y, N, Skiing|Exercise|Startups|Hunting
Profiled,69365446, USD 5 Mio - 10 Mio, Beattie, Jerry, Albertson's Inc., 12/03/2016, , , , , , , USD, 20.000.000, Jakarta, M292048, PWTB 173, Raffles 1337, N, N, Reading|Exercise|Art|Mountaineering|Watches|Bird watching
Met,701689, < USD 1 Mio, Lim, Homer, Alcoa Inc., 30/06/2016, 04/07/2016, , , , , , USD, 30.000.000, Surabaya, M020921, PBWS 101, APC Southeast Asia, N, N, Wine|Mountaineering|Skiing|Startups
Met,43627918, < USD 1 Mio, Alston, Kohen, Alleghany Corporation, 20/08/2017, 22/08/2017, , , , , , USD, 20.000.000, Singapore, M218322, PBWS 10, Raffles 9, N, N, Ballooning|Mountaineering|Motorsports|Skiing
Met,64542685, USD 5 Mio - 10 Mio, Ryder, Diya, Allegheny Energy Inc., 24/02/2016, 02/03/2016, , , , , , USD, 20.000.000, Singapore, M292048, PWTB 173, Raffles 1337, N, Y, Art|Startups|Skiing|Bird watching|Exercise|Mountaineering
Met,75941236, > USD 20 Mio, Browne, Cari, Allegheny Technologies Incorporated, 21/10/2018, 24/10/2018, , , , , , USD, 15.000.000, Gadong, M796619, PBWS 10, Raffles 9, N, Y, Software Development|Knitting|Hunting|Fashion
Dropped,81584425, USD 5 Mio - 10 Mio, Driscoll, Sneha, Allergan Inc., 20/08/2018, , , , , 09/03/2019, , USD, 15.000.000, Ho Chi Minh, M292048, PWTB 173, Raffles 1337, N, N, Bird watching|Startups|Yachting|Reading|Golf|Hunting
Dropped,1500876, < USD 1 Mio, Mcgee, Nathanael, ALLETE Inc., 22/01/2016, , , , , 13/04/2016, , SGD, 10.000.000, Bangkok, M379655, PBWS, Market Group, N, N, Art|Skiing|Watches|Fishing|Bird watching|Reading|Golf|Philantropy
Met,4985123, USD 1 Mio - 3 Mio, Valenzuela, Lorna, Alliant Energy Corporation, 27/11/2015, 15/12/2015, , , , , , SGD, 20.000.000, Singapore, M580605, PBWS 12, Raffles 1, N, N, Exercise|Startups|Octopus Watching|Skiing|Golf
Met,56273530, USD 1 Mio - 3 Mio, Keith, Samirah, Allied Waste Industries Inc., 26/05/2015, 01/06/2015, , , , , , USD, 12.000.000, Singapore, M545894, PBWS 12, Raffles 1, N, N, Knitting|Philantropy|Motorsports|Software Development
Dropped,8860215, USD 5 Mio - 10 Mio, Morales, Joely, Allmerica Financial Corporation, 08/02/2017, , , , , 10/12/2017, , USD, 30.000.000, Singapore, M292048, PWTB 173, Raffles 1337, N, Y, Knitting|Ballooning|Exercise
Funded,105934, < USD 1 Mio, Brown, Aleisha, The Allstate Corporation, 19/06/2018, 22/06/2018, 21/08/2018, 21/09/2018, 18/10/2018, ,53.14, SGD, 10.000.000, Singapore, M292048, PWTB 173, Raffles 1337, N, N, Scuba Diving|Ballooning|Startups|Software Development|Exercise
Dropped,10185574, USD 5 Mio - 10 Mio, Sharples, Katy, ALLTEL Corporation, 26/03/2018, , , , , 10/04/2018, , SGD, 15.000.000, Surabaya, M591400, PBWS 52, Singapore Market Vanda 2, N, N, Software Development|Golf|Philantropy|Mountaineering
Funded,94147875, USD 1 Mio - 3 Mio, Briggs, Paul, The Alpine Group Inc., 03/09/2018, 12/09/2018, 26/09/2018, 29/09/2018, 31/10/2018, ,0.54, USD, 3.000.000, Singapore, M020921, PBWS 101, APC Southeast Asia, N, N, Exercise|Yachting|Tennis|Philantropy|Reading|Art
Met,2632365, USD 1 Mio - 3 Mio, White, Daanish, Amazon.com Inc., 13/04/2015, 18/04/2015, , , , , , SGD, 5.000.000, Hanoi, M292048, PWTB 173, Raffles 1337, N, Y, Tennis|Scuba Diving|Reading|Skiing|Bird watching|Motorsports|Yachting|Ballooning
Dropped,4385933, USD 5 Mio - 10 Mio, Hardin, Aariz, AMC Entertainment Inc., 13/01/2016, , , , , 10/08/2016, , USD, 12.000.000, Manila, M545894, PBWS 12, Raffles 1, N, Y, Hunting|Art|Startups
Funded,4642429, USD 5 Mio - 10 Mio, Moreno, Inaayah, American Power Conversion Corporation, 19/09/2017, 23/09/2017, 15/02/2018, 07/04/2018, 16/06/2018, ,7.07, USD, 12.000.000, Surabaya, M545894, PBWS 12, Raffles 1, N, N, Philantropy|Wine|Exercise|Fashion|Golf|Motorsports|Art
Met,1150920, > USD 20 Mio, Huang, Audrey, Amerada Hess Corporation, 31/10/2015, 13/11/2015, , , , , , USD, 5.000.000, Jakarta, M292048, PWTB 173, Raffles 1337, N, N, Tennis|Wine|Philantropy|Mountaineering|Yachting|Startups|Knitting
Met,13413416, < USD 1 Mio, Sampson, Opal, AMERCO, 14/04/2017, 16/04/2017, , , , , , SGD, 15.000.000, Singapore, M646312, PBWS 52, Singapore Market Vanda 2, Y, N, Mountaineering|Wine|Golf|Knitting|Fishing|Bird watching
Funded,2154240, < USD 1 Mio, Middleton, Elissa, Ameren Corporation, 03/12/2017, 11/12/2017, 19/01/2018, 01/02/2018, 30/05/2018, ,8.76, SGD, 30.000.000, Singapore, M545894, PBWS 12, Raffles 1, N, N, Startups|Hunting|Bird watching|Reading|Octopus Watching|Philantropy
Dropped,40487534, < USD 1 Mio, Tanner, Shanae, America West Holdings Corporation, 27/07/2016, , , , , 27/09/2016, , USD, 10.000.000, South Tangerang, M796619, PBWS 10, Raffles 9, N, N, Scuba Diving|Skiing|Exercise|Philantropy
Funded,44707135, USD 5 Mio - 10 Mio, Heaton, Yannis, American Axle & Manufacturing Holdings Inc., 06/10/2016, 11/10/2016, 09/12/2016, 20/01/2017, 28/01/2017, ,0.81, USD, 12.000.000, Hong Kong, M646312, PBWS 52, Singapore Market Vanda 2, N, N, Mountaineering|Software Development|Philantropy|Golf|Scuba Diving
Profiled,9926307, USD 5 Mio - 10 Mio, Lucero, Nigel, American Eagle Outfitters Inc., 30/07/2014, , , , , , , USD, 12.000.000, Ipoh Perak, M545894, PBWS 12, Raffles 1, N, N, Software Development|Skiing|Yachting|Art|Tennis|Motorsports
Profiled,3160330, < USD 1 Mio, Enriquez, Harri, American Electric Power Company Inc., 28/05/2017, , , , , , , USD, 15.000.000, Ho Chi Minh, M591400, PBWS 52, Singapore Market Vanda 2, N, Y, Yachting|Mountaineering|Scuba Diving|Exercise|Watches|Fashion|Startups
Dropped,31125382, USD 5 Mio - 10 Mio, Campos, Pedro, American Express Company, 15/09/2017, , , , , 07/07/2018, , USD, 10.000.000, Bangkok, M292048, PWTB 173, Raffles 1337, Y, N, Philantropy|Skiing|Scuba Diving|Fishing|Motorsports
Dropped,79643368, USD 5 Mio - 10 Mio, Levy, Elliot, American Financial Group Inc., 27/06/2016, , , , , 30/08/2016, , USD, 3.000.000, Jakarta, M247785, PBWS 10, Raffles 9, N, N, Hunting|Art|Motorsports|Octopus Watching|Golf
Dropped,9460315, < USD 1 Mio, Mccaffrey, Vivaan, American Greetings Corporation, 03/03/2015, , , , , 23/10/2015, , USD, 10.000.000, Hong Kong, M796619, PBWS 10, Raffles 9, N, N, Art|Yachting|Fashion|Knitting|Exercise|Philantropy|Reading|Tennis
Dropped,57958974, USD 1 Mio - 3 Mio, Gomez, Eduard, American International Group Inc., 05/03/2017, , , , , 30/04/2017, , USD, 5.000.000, Hong Kong, M379655, PBWS, Market Group, N, Y, Octopus Watching|Bird watching|Reading|Knitting|Golf|Startups|Fishing|Ballooning
Met,80421546, USD 5 Mio - 10 Mio, Snow, Adelle, American Standard Companies Inc., 21/12/2017, 04/01/2018, , , , , , USD, 12.000.000, Davao City, M796619, PBWS 10, Raffles 9, Y, N, Bird watching|Exercise|Startups|Fashion|Reading|Wine|Octopus Watching|Yachting
Profiled,70513884, > USD 20 Mio, Nash, Kayley, American Water Works Company Inc., 08/06/2016, , , , , , , USD, 12.000.000, Bangkok, M379655, PBWS, Market Group, N, N, Golf|Scuba Diving|Ballooning|Philantropy|Knitting|Bird watching|Art
Profiled,94156185, > USD 20 Mio, Corbett, Lilly-Mae, AmerisourceBergen Corporation, 11/12/2015, , , , , , , USD, 12.000.000, Manila, M472665, PBWS, Market Group, N, Y, Reading|Skiing|Octopus Watching|Golf|Yachting|Watches
Dropped,78715144, < USD 1 Mio, Dalton, Izaan, Ames Department Stores Inc., 15/10/2018, , , , , 30/11/2018, , USD, 12.000.000, Johor, M545894, PBWS 12, Raffles 1, N, N, Knitting|Fashion|Software Development|Golf|Philantropy|Exercise|Scuba Diving|Hunting
Met,76606975, < USD 1 Mio, Magana, Carrie-Ann, Amgen Inc., 31/05/2016, 07/06/2016, , , , , , USD, 12.000.000, Manila, M020921, PBWS 101, APC Southeast Asia, N, N, Software Development|Tennis|Bird watching|Ballooning|Yachting
Dropped,73061072, > USD 20 Mio, Pratt, Joseff, Amkor Technology Inc., 16/08/2017, , , , , 09/03/2018, , USD, 3.000.000, Hong Kong, M545894, PBWS 12, Raffles 1, N, Y, Skiing|Golf|Octopus Watching
Funded,85689570, USD 1 Mio - 3 Mio, Black, Kelan, AMR Corporation, 16/03/2016, 27/03/2016, 07/06/2016, 14/07/2016, 09/09/2016, ,6.94, USD, 20.000.000, Manila, M247785, PBWS 10, Raffles 9, N, N, Scuba Diving|Philantropy|Mountaineering|Art|Wine
Dropped,8220515, USD 1 Mio - 3 Mio, Hibbert, Maxwell, AmSouth Bancorp., 24/10/2017, , , , , 06/02/2018, , USD, 12.000.000, Tangerang, M545894, PBWS 12, Raffles 1, Y, N, Scuba Diving|Octopus Watching|Golf|Bird watching|Software Development|Mountaineering
Funded,26501301, USD 5 Mio - 10 Mio, Oliver, Kanye, Amtran Inc., 24/05/2018, 08/06/2018, 22/12/2018, 29/01/2019, 17/04/2019, ,9.74, USD, 10.000.000, Singapore, M591400, PBWS 52, Singapore Market Vanda 2, N, Y, Software Development|Startups|Bird watching|Skiing|Tennis|Philantropy
Dropped,7588843, USD 1 Mio - 3 Mio, Becker, Anniyah, Anadarko Petroleum Corporation, 14/03/2015, , , , , 29/10/2015, , USD, 30.000.000, Singapore, M292048, PWTB 173, Raffles 1337, N, Y, Scuba Diving|Yachting|Knitting|Motorsports|Bird watching
Profiled,2195454, USD 5 Mio - 10 Mio, Fulton, Darrell, Analog Devices Inc., 26/09/2014, , , , , , , USD, 10.000.000, Singapore, M796619, PBWS 10, Raffles 9, N, N, Exercise|Fishing|Reading
Funded,62871639, USD 1 Mio - 3 Mio, Ho, Amalie, Anheuser-Busch Companies Inc., 27/02/2017, 01/03/2017, 09/07/2017, 05/09/2017, 29/11/2017, ,0.69, USD, 30.000.000, Manila, M580605, PBWS 12, Raffles 1, N, Y, Fashion|Tennis|Ballooning|Bird watching|Motorsports|Software Development|Philantropy
Dropped,7866287, > USD 20 Mio, Tait, Cherie, Anixter International Inc., 21/03/2015, , , , , 22/07/2015, , USD, 10.000.000, Singapore, M646312, PBWS 52, Singapore Market Vanda 2, N, N, Scuba Diving|Skiing|Bird watching|Startups|Golf|Mountaineering
Dropped,4353071, USD 1 Mio - 3 Mio, Reed, Sadia, AnnTaylor Inc., 07/08/2015, , , , , 02/12/2015, , USD, 20.000.000, Singapore, M379655, PBWS, Market Group, N, N, Mountaineering|Knitting|Skiing|Hunting|Startups|Exercise|Motorsports|Philantropy
Met,9780867, < USD 1 Mio, Reader, Maha, Anthem Inc., 08/05/2015, 27/05/2015, , , , , , USD, 12.000.000, Johor, M292048, PWTB 173, Raffles 1337, N, N, Exercise|Yachting|Fishing|Knitting|Tennis|Reading|Scuba Diving
Dropped,76043825, USD 5 Mio - 10 Mio, Muir, Sapphire, AOL Time Warner Inc., 24/09/2015, , , , , 10/07/2016, , SGD, 20.000.000, Manila, M020921, PBWS 101, APC Southeast Asia, N, N, Golf|Mountaineering|Bird watching|Tennis|Ballooning|Octopus Watching|Fishing
Dropped,839941, < USD 1 Mio, Best, Morwenna, Aon Corporation, 13/02/2016, , , , , 12/12/2016, , USD, 15.000.000, Singapore, M020921, PBWS 101, APC Southeast Asia, N, N, Reading|Fishing|Startups|Mountaineering|Golf|Watches|Software Development|Tennis
Dropped,6821069, USD 5 Mio - 10 Mio, Holloway, Nikola, Apache Corporation, 21/03/2017, , , , , 09/11/2017, , SGD, 100.000.000, Surabaya, M292048, PWTB 173, Raffles 1337, N, Y, Scuba Diving|Startups|Reading|Golf|Watches|Mountaineering|Wine|Motorsports
Dropped,7125861, USD 1 Mio - 3 Mio, Emery, Tommy-Lee, Apple Computer Inc., 15/03/2016, , , , , 13/12/2016, , USD, 100.000.000, Tangerang, M472665, PBWS, Market Group, N, N, Wine|Fashion|Bird watching|Yachting|Startups|Ballooning|Fishing
Met,18912, < USD 1 Mio, Clegg, Horace, Applera Corporation, 23/03/2015, 06/04/2015, , , , , , SGD, 15.000.000, Hong Kong, M591400, PBWS 52, Singapore Market Vanda 2, N, N, Art|Octopus Watching|Reading|Wine|Philantropy
Dropped,35843943, USD 5 Mio - 10 Mio, Hanna, Klaudia, Applied Industrial Technologies Inc., 22/08/2018, , , , , 01/03/2019, , USD, 15.000.000, Singapore, M580605, PBWS 12, Raffles 1, N, N, Golf|Motorsports|Art
Dropped,7932745, USD 1 Mio - 3 Mio, Prosser, John-Paul, Applied Materials Inc., 23/10/2018, , , , , 06/07/2019, , USD, 15.000.000, Jakarta, M292048, PWTB 173, Raffles 1337, N, Y, Software Development|Motorsports|Mountaineering|Reading|Octopus Watching|Knitting
Met,83374640, < USD 1 Mio, Sloan, Linzi, Aquila Inc., 27/06/2018, 14/07/2018, , , , , , USD, 15.000.000, Manila, M292048, PWTB 173, Raffles 1337, N, N, Yachting|Software Development|Golf|Philantropy|Tennis|Bird watching
Dropped,18490809, USD 1 Mio - 3 Mio, Nunez, Leen, ARAMARK Corporation, 30/03/2015, , , , , 07/09/2015, , USD, 10.000.000, Tokyo, M218322, PBWS 10, Raffles 9, N, Y, Tennis|Yachting|Hunting|Golf
Met,41223861, < USD 1 Mio, Caldwell, Bryson, Arch Coal Inc., 24/10/2015, 11/11/2015, , , , , , USD, 15.000.000, Singapore, M218322, PBWS 10, Raffles 9, N, N, Mountaineering|Fishing|Reading|Exercise|Art
Dropped,5856388, USD 1 Mio - 3 Mio, Cummings, Verity, Archer Daniels Midland Company, 30/07/2014, , , , , 24/11/2014, , USD, 10.000.000, Singapore, M292048, PWTB 173, Raffles 1337, N, N, Watches|Motorsports|Reading|Startups|Philantropy|Fishing|Skiing|Yachting
Dropped,48496673, USD 1 Mio - 3 Mio, Stokes, Eren, Arkansas Best Corporation, 26/06/2015, , , , , 12/03/2016, , SGD, 15.000.000, Singapore, M379655, PBWS, Market Group, N, N, Yachting|Fashion|Hunting|Startups
Met,27412331, > USD 20 Mio, Kramer, Zack, Armstrong Holdings Inc., 01/06/2015, 06/06/2015, , , , , , USD, 20.000.000, Singapore, M646312, PBWS 52, Singapore Market Vanda 2, N, N, Watches|Exercise|Knitting|Tennis|Scuba Diving
Dropped,9811418, USD 1 Mio - 3 Mio, Foreman, Tamika, Arrow Electronics Inc., 26/09/2018, , , , , 18/03/2019, , USD, 15.000.000, Singapore, M379655, PBWS, Market Group, N, N, Yachting|Hunting|Scuba Diving|Bird watching|Skiing|Reading|Software Development|Mountaineering
Profiled,42797827, > USD 20 Mio, Fleming, Ernie, ArvinMeritor Inc., 11/09/2014, , , , , , , SGD, 10.000.000, Bangkok, M646312, PBWS 52, Singapore Market Vanda 2, N, N, Startups|Wine|Mountaineering
Dropped,7333387, > USD 20 Mio, Mcmahon, Dainton, Ashland Inc., 18/07/2017, , , , , 16/03/2018, , SGD, 10.000.000, Singapore, M545894, PBWS 12, Raffles 1, N, N, Reading|Mountaineering|Knitting|Startups|Golf|Ballooning|Tennis
Dropped,30411115, < USD 1 Mio, Ellison, Raife, Astoria Financial Corporation, 24/09/2015, , , , , 21/10/2015, , USD, 30.000.000, Gadong, M545894, PBWS 12, Raffles 1, N, N, Knitting|Scuba Diving|Watches|Ballooning|Golf
Met,71374032, USD 1 Mio - 3 Mio, Bostock, Andrew, AT&T Corp., 14/07/2015, 28/07/2015, , , , , , SGD, 12.000.000, Singapore, M020921, PBWS 101, APC Southeast Asia, N, N, Scuba Diving|Reading|Golf|Knitting|Hunting
Met,3964763, > USD 20 Mio, Moore, Franklyn, Atmel Corporation, 17/09/2016, 04/10/2016, , , , , , USD, 10.000.000, Singapore, M545894, PBWS 12, Raffles 1, N, N, Hunting|Yachting|Fishing
Profiled,4884690, > USD 20 Mio, Wilkes, Jimmy, Atmos Energy Corporation, 30/07/2018, , , , , , , SGD, 10.000.000, Manila, M545894, PBWS 12, Raffles 1, N, N, Knitting|Fishing|Scuba Diving|Fashion
Funded,2561871, USD 1 Mio - 3 Mio, Quinn, Stewart, Audiovox Corporation, 03/04/2016, 18/04/2016, 03/06/2016, 05/07/2016, 09/08/2016, ,3.69, USD, 15.000.000, Manila, M472665, PBWS, Market Group, N, N, Knitting|Exercise|Hunting|Mountaineering|Startups
Met,3898536, > USD 20 Mio, Dawe, Mirza, Autoliv Inc., 15/04/2015, 04/05/2015, , , , , , USD, 3.000.000, Manila, M292048, PWTB 173, Raffles 1337, N, N, Ballooning|Fashion|Software Development
Dropped,83411559, < USD 1 Mio, Burnett, Waleed, Automatic Data Processing Inc., 21/11/2016, , , , , 12/05/2017, , SGD, 15.000.000, Hong Kong, M292048, PWTB 173, Raffles 1337, N, N, Fishing|Scuba Diving|Wine|Motorsports|Yachting|Golf
Met,10371935, USD 1 Mio - 3 Mio, Ponce, Dawson, AutoNation Inc., 08/09/2017, 26/09/2017, , , , , , USD, 20.000.000, Bangkok, M580605, PBWS 12, Raffles 1, N, Y, Scuba Diving|Wine|Fishing
Dropped,523298, > USD 20 Mio, Munoz, Raja, AutoZone Inc., 10/10/2015, , , , , 15/04/2016, , USD, 15.000.000, Hanoi, M292048, PWTB 173, Raffles 1337, N, N, Software Development|Wine|Watches|Startups|Scuba Diving|Hunting
Profiled,73492769, USD 5 Mio - 10 Mio, Day, Gianni, Avaya Inc., 11/06/2018, , , , , , , USD, 5.000.000, Singapore, M646312, PBWS 52, Singapore Market Vanda 2, N, Y, Art|Fishing|Bird watching|Tennis|Watches
Dropped,4091526, USD 5 Mio - 10 Mio, Barnett, Hajrah, Avery Dennison Corporation, 08/06/2017, , , , , 11/03/2018, , USD, 10.000.000, Singapore, M292048, PWTB 173, Raffles 1337, N, N, Octopus Watching|Philantropy|Skiing|Golf
Met,3169389, > USD 20 Mio, Ferreira, Brandi, Avista Corporation, 03/01/2018, 20/01/2018, , , , , , USD, 10.000.000, Bangkok, M292048, PWTB 173, Raffles 1337, N, N, Scuba Diving|Fashion|Knitting|Exercise|Yachting
Profiled,10990363, USD 1 Mio - 3 Mio, Reese, Mathilde, Avnet Inc., 26/10/2015, , , , , , , USD, 5.000.000, Singapore, M292048, PWTB 173, Raffles 1337, N, Y, Art|Watches|Reading|Motorsports|Startups|Philantropy
Funded,3937907, < USD 1 Mio, Weber, Iain, Avon Products Inc., 05/01/2016, 17/01/2016, 12/04/2016, 22/05/2016, 17/09/2016, ,0.42, USD, 15.000.000, Surabaya, M580605, PBWS 12, Raffles 1, N, N, Software Development|Philantropy|Octopus Watching|Tennis|Fishing|Scuba Diving
Met,41908372, < USD 1 Mio, Yu, Lucie, Baker Hughes Incorporated, 19/10/2015, 25/10/2015, , , , , , USD, 15.000.000, Singapore, M379655, PBWS, Market Group, N, Y, Scuba Diving|Software Development|Yachting|Ballooning|Tennis|Startups
Met,6558526, USD 5 Mio - 10 Mio, Curtis, Zayne, Ball Corporation, 25/12/2016, 27/12/2016, , , , , , SGD, 20.000.000, Jakarta, M292048, PWTB 173, Raffles 1337, N, N, Exercise|Reading|Philantropy|Motorsports|Golf|Octopus Watching|Wine
Met,24650025, USD 1 Mio - 3 Mio, Sheridan, Brenda, Bank of America Corporation, 10/04/2015, 23/04/2015, , , , , , SGD, 15.000.000, Hong Kong, M020921, PBWS 101, APC Southeast Asia, N, N, Reading|Bird watching|Fashion|Wine|Ballooning
Profiled,82980157, < USD 1 Mio, Sharp, Jessica, The Bank of New York Company Inc., 14/11/2015, , , , , , , USD, 20.000.000, Hong Kong, M247785, PBWS 10, Raffles 9, N, N, Software Development|Knitting|Mountaineering|Wine|Octopus Watching|Fishing|Tennis|Motorsports
Met,3515965, USD 5 Mio - 10 Mio, Mill, Tiernan, Bank One Corporation, 08/03/2017, 23/03/2017, , , , , , SGD, 10.000.000, Singapore, M472665, PBWS, Market Group, N, N, Startups|Philantropy|Exercise|Fashion|Golf|Hunting|Bird watching
Funded,5116826, USD 1 Mio - 3 Mio, Savage, Ioan, Banknorth Group Inc., 18/12/2015, 20/12/2015, 08/06/2016, 27/06/2016, 18/09/2016, ,0.53, USD, 12.000.000, Singapore, M218322, PBWS 10, Raffles 9, N, Y, Skiing|Scuba Diving|Exercise|Reading|Philantropy|Fashion|Yachting|Octopus Watching
Met,48665016, > USD 20 Mio, Mccall, Shakeel, Banta Corporation, 24/01/2018, 31/01/2018, , , , , , USD, 20.000.000, Singapore, M646312, PBWS 52, Singapore Market Vanda 2, N, N, Watches|Tennis|Bird watching|Fishing|Software Development|Motorsports|Golf
Dropped,6827564, USD 1 Mio - 3 Mio, Christensen, Sasha, Barnes & Noble Inc., 13/03/2015, , , , , 19/12/2015, , USD, 12.000.000, Singapore, M292048, PWTB 173, Raffles 1337, N, N, Golf|Software Development|Art
Dropped,23078739, USD 5 Mio - 10 Mio, Cairns, Ruairi, Bausch & Lomb Incorporated, 09/08/2017, , , , , 11/02/2018, , USD, 10.000.000, Phnom Penh, M591400, PBWS 52, Singapore Market Vanda 2, N, N, Octopus Watching|Exercise|Golf|Fishing
Met,10854330, USD 1 Mio - 3 Mio, Rossi, Matei, Baxter International Inc., 07/05/2018, 21/05/2018, , , , , , USD, 15.000.000, Singapore, M247785, PBWS 10, Raffles 9, N, N, Reading|Software Development|Octopus Watching
Funded,43657282, < USD 1 Mio, Willis, Gia, BB&T Corporation, 23/01/2018, 06/02/2018, 12/04/2018, 15/04/2018, 14/06/2018, ,0.25, USD, 12.000.000, Singapore, M292048, PWTB 173, Raffles 1337, Y, N, Exercise|Philantropy|Octopus Watching
Met,9333378, USD 5 Mio - 10 Mio, Robbins, Daria, The Bear Stearns Companies Inc., 05/02/2015, 05/02/2015, , , , , , USD, 5.000.000, Jakarta, M580605, PBWS 12, Raffles 1, N, Y, Wine|Hunting|Yachting|Reading
Dropped,6574372, USD 1 Mio - 3 Mio, Summers, Tyreese, Beazer Homes USA Inc., 26/07/2015, , , , , 13/12/2015, , USD, 10.000.000, Jakarta, M020921, PBWS 101, APC Southeast Asia, N, Y, Fishing|Wine|Octopus Watching|Golf|Knitting
Funded,5742336, > USD 20 Mio, Calvert, Elodie, Beckman Coulter Inc., 05/08/2015, 09/08/2015, 21/11/2015, 27/12/2016, 18/04/2016, ,1.26, USD, 3.000.000, Singapore, M545894, PBWS 12, Raffles 1, N, N, Startups|Exercise|Tennis|Mountaineering
Met,9482741, USD 1 Mio - 3 Mio, Heath, Lilah, Becton Dickinson and Company, 02/04/2016, 12/04/2016, , , , , , SGD, 10.000.000, Bangkok, M020921, PBWS 101, APC Southeast Asia, Y, N, Knitting|Art|Watches|Software Development|Mountaineering|Fashion
Dropped,79776694, USD 5 Mio - 10 Mio, Lam, Terri, Bed Bath & Beyond Inc., 28/12/2016, , , , , 17/06/2016, , USD, 20.000.000, Singapore, M580605, PBWS 12, Raffles 1, N, N, Motorsports|Wine|Octopus Watching|Exercise|Mountaineering|Philantropy|Tennis|Startups
Met,3915094, USD 1 Mio - 3 Mio, Cabrera, Roman, Belk Inc., 30/12/2016, 07/01/2017, , , , , , USD, 5.000.000, Singapore, M020921, PBWS 101, APC Southeast Asia, N, N, Art|Knitting|Bird watching|Watches|Software Development|Exercise
Dropped,471590, > USD 20 Mio, Perry, Sulayman, Bell Microproducts Inc., 19/10/2014, , , , , 03/11/2014, , USD, 10.000.000, Singapore, M218322, PBWS 10, Raffles 9, Y, N, Motorsports|Ballooning|Reading|Software Development|Art|Watches|Exercise
Dropped,2695339, USD 1 Mio - 3 Mio, Miller, Zacharias, BellSouth Corporation, 13/03/2016, , , , , 20/12/2016, , SGD, 10.000.000, Surabaya, M247785, PBWS 10, Raffles 9, N, N, Skiing|Philantropy|Mountaineering|Art
Funded,6081958, > USD 20 Mio, Hawkins, Mysha, Belo Corp., 12/04/2017, 21/04/2017, 09/10/2017, 06/12/2017, 24/12/2017, ,6.39, USD, 10.000.000, Hong Kong, M292048, PWTB 173, Raffles 1337, N, Y, Fishing|Fashion|Yachting|Bird watching|Skiing|Hunting
Met,10961239, USD 5 Mio - 10 Mio, Mustafa, Cosmo, Bemis Company Inc., 27/08/2014, 31/08/2014, , , , , , SGD, 15.000.000, Tokyo, M292048, PWTB 173, Raffles 1337, N, N, Reading|Software Development|Octopus Watching|Startups
Profiled,5478612, < USD 1 Mio, Liu, Marnie, Benchmark Electronics Inc., 10/10/2014, , , , , , , SGD, 15.000.000, Semarang, M292048, PWTB 173, Raffles 1337, N, Y, Fashion|Yachting|Octopus Watching
Profiled,1509710, USD 5 Mio - 10 Mio, Macgregor, Khadeeja, Berkshire Hathaway Inc., 29/12/2017, , , , , , , USD, 15.000.000, Hanoi, M218322, PBWS 10, Raffles 9, Y, N, Art|Exercise|Skiing
Profiled,9266287, > USD 20 Mio, Crowther, Caitlan, Best Buy Co. Inc., 24/08/2015, , , , , , , USD, 15.000.000, Singapore, M292048, PWTB 173, Raffles 1337, N, N, Hunting|Exercise|Wine|Yachting|Reading|Motorsports|Fishing
Met,1722800, USD 1 Mio - 3 Mio, Hyde, Kory, Bethlehem Steel Corporation, 24/07/2018, 28/07/2018, , , , , , USD, 15.000.000, Singapore, M796619, PBWS 10, Raffles 9, N, N, Tennis|Golf|Motorsports|Scuba Diving
Dropped,2100710, USD 1 Mio - 3 Mio, Ellwood, Jaydon, Beverly Enterprises Inc., 05/04/2018, , , , , 08/11/2018, , USD, 10.000.000, Hanoi, M292048, PWTB 173, Raffles 1337, N, N, Scuba Diving|Fashion|Octopus Watching|Knitting|Ballooning|Reading
Dropped,7432198, USD 5 Mio - 10 Mio, Munro, Janae, Big Lots Inc., 27/10/2018, , , , , 24/01/2019, , USD, 20.000.000, Singapore, M580605, PBWS 12, Raffles 1, N, N, Scuba Diving|Software Development|Fashion|Fishing|Bird watching|Ballooning|Tennis|Watches
Profiled,1408820, > USD 20 Mio, Romero, Tonicha, BJ Services Company, 20/07/2016, , , , , , , USD, 20.000.000, Singapore, M796619, PBWS 10, Raffles 9, N, N, Wine|Hunting|Fishing|Ballooning|Watches|Bird watching
Funded,2196252, USD 1 Mio - 3 Mio, Cervantes, Aroush, BJ's Wholesale Club Inc., 02/01/2018, 11/01/2018, 04/06/2018, 08/06/2018, 12/08/2018, ,6.64, USD, 5.000.000, Merlimau Melaka, M646312, PBWS 52, Singapore Market Vanda 2, N, Y, Yachting|Hunting|Exercise|Philantropy|Startups|Watches|Motorsports
Dropped,5379809, USD 1 Mio - 3 Mio, Waters, Gina, The Black & Decker Corporation, 24/03/2017, , , , , 02/02/2018, , SGD, 15.000.000, Bangkok, M379655, PBWS, Market Group, N, N, Skiing|Octopus Watching|Tennis
Met,403775, < USD 1 Mio, Waller, Arwel, Black Hills Corporation, 26/04/2016, 04/05/2016, , , , , , SGD, 30.000.000, Singapore, M796619, PBWS 10, Raffles 9, N, N, Golf|Software Development|Art|Yachting|Bird watching|Knitting|Exercise|Skiing
Met,83940146, USD 5 Mio - 10 Mio, Ferguson, Trixie, BMC Software Inc., 14/10/2015, 24/10/2015, , , , , , USD, 30.000.000, Surabaya, M646312, PBWS 52, Singapore Market Vanda 2, N, Y, Software Development|Fishing|Skiing|Motorsports|Bird watching|Watches|Mountaineering
Met,99985459, USD 5 Mio - 10 Mio, Tucker, Sameeha, The Boeing Company, 18/08/2016, 28/08/2016, , , , , , USD, 3.000.000, Jakarta, M292048, PWTB 173, Raffles 1337, N, N, Hunting|Fishing|Tennis
Dropped,4945754, < USD 1 Mio, Burn, Komal, Boise Cascade Corporation, 30/01/2018, , , , , 14/08/2018, , USD, 10.000.000, Singapore, M545894, PBWS 12, Raffles 1, Y, N, Fishing|Octopus Watching|Golf|Motorsports|Ballooning|Wine|Scuba Diving
Dropped,5001120, USD 1 Mio - 3 Mio, Akhtar, Dale, Borders Group Inc., 22/07/2018, , , , , 02/10/2018, , USD, 20.000.000, Hanoi, M472665, PBWS, Market Group, N, N, Fishing|Reading|Knitting|Ballooning|Art|Octopus Watching|Watches|Startups
Dropped,3630049, < USD 1 Mio, Fry, Cyrus, BorgWarner Inc., 07/12/2015, , , , , 12/03/2016, , USD, 30.000.000, Hong Kong, M580605, PBWS 12, Raffles 1, Y, N, Mountaineering|Hunting|Yachting
Dropped,51170884, < USD 1 Mio, Welsh, Lauren, Boston Scientific Corporation, 27/04/2015, , , , , 03/01/2016, , SGD, 15.000.000, Ho Chi Minh, M292048, PWTB 173, Raffles 1337, N, N, Skiing|Octopus Watching|Knitting|Mountaineering|Motorsports
Funded,3636250, USD 5 Mio - 10 Mio, Osborn, Ptolemy, Bowater Incorporated, 10/12/2014, 29/12/2015, 02/02/2015, 23/03/2015, 18/05/2015, ,7.93, USD, 5.000.000, Singapore, M580605, PBWS 12, Raffles 1, N, N, Scuba Diving|Octopus Watching|Fashion|Exercise|Art|Yachting|Mountaineering|Reading
Dropped,77211281, > USD 20 Mio, Fitzpatrick, Anita, Briggs & Stratton Corporation, 24/09/2016, , , , , 13/02/2017, , USD, 12.000.000, Ho Chi Minh, M292048, PWTB 173, Raffles 1337, N, N, Philantropy|Scuba Diving|Fashion
Dropped,359320, > USD 20 Mio, Mills, Erika, Brightpoint Inc., 22/12/2015, , , , , 24/03/2016, , SGD, 15.000.000, Palembang, M292048, PWTB 173, Raffles 1337, N, N, Ballooning|Fashion|Motorsports
Dropped,9895993, < USD 1 Mio, Young, Qasim, Brinker International Inc., 26/04/2017, , , , , 09/09/2017, , SGD, 12.000.000, Tokyo, M472665, PBWS, Market Group, N, N, Yachting|Tennis|Mountaineering|Fishing|Motorsports
Dropped,75132616, < USD 1 Mio, Rasmussen, Shelley, Bristol-Myers Squibb Company, 06/10/2018, , , , , 27/07/2019, , SGD, 10.000.000, Bandung, M292048, PWTB 173, Raffles 1337, N, Y, Software Development|Yachting|Octopus Watching|Knitting|Wine
Funded,27853972, USD 5 Mio - 10 Mio, Quintero, Elysia, Broadwing Inc., 14/02/2017, 05/03/2017, 14/09/2017, 29/10/2017, 29/10/2017, ,0.99, USD, 15.000.000, Jakarta, M020921, PBWS 101, APC Southeast Asia, N, N, Startups|Knitting|Yachting|Fishing|Tennis|Philantropy
Dropped,88582345, USD 5 Mio - 10 Mio, Oakley, Tehya, Brown Shoe Company Inc., 11/05/2015, , , , , 22/06/2015, , SGD, 12.000.000, Singapore, M020921, PBWS 101, APC Southeast Asia, N, N, Philantropy|Scuba Diving|Watches|Mountaineering
Dropped,4340752, USD 1 Mio - 3 Mio, Gomez, Bob, Brown-Forman Corporation, 02/03/2015, , , , , 20/06/2015, , SGD, 10.000.000, Jakarta, M472665, PBWS, Market Group, N, N, Tennis|Exercise|Wine|Knitting|Skiing
Dropped,5213545, < USD 1 Mio, Harding, Hebe, Brunswick Corporation, 18/08/2018, , , , , 17/09/2018, , USD, 12.000.000, Hong Kong, M247785, PBWS 10, Raffles 9, N, N, Wine|Fashion|Octopus Watching|Startups|Yachting|Knitting|Hunting|Bird watching
Profiled,22594388, > USD 20 Mio, Floyd, Luther, Budget Group Inc., 02/01/2015, , , , , , , SGD, 15.000.000, Bangkok, M379655, PBWS, Market Group, N, N, Scuba Diving|Tennis|Skiing|Golf|Fishing|Art
Dropped,7283154, USD 5 Mio - 10 Mio, Clark, Aurora, Burlington Coat Factory Warehouse Corporation, 05/11/2017, , , , , 14/08/2018, , SGD, 15.000.000, Singapore, M379655, PBWS, Market Group, N, N, Ballooning|Knitting|Mountaineering|Reading
Funded,44203709, < USD 1 Mio, Chase, Clare, Burlington Industries Inc., 14/09/2015, 18/09/2015, 13/12/2015, 27/12/2016, 03/01/2016, ,9.97, USD, 20.000.000, Johor, M292048, PWTB 173, Raffles 1337, N, Y, Knitting|Watches|Fashion|Ballooning|Scuba Diving|Exercise|Mountaineering
Met,2835927, USD 5 Mio - 10 Mio, Underwood, Kamron, Burlington Northern Santa Fe Corporation, 13/11/2016, 23/11/2016, , , , , , USD, 12.000.000, Ho Chi Minh, M292048, PWTB 173, Raffles 1337, N, N, Skiing|Exercise|Software Development|Bird watching|Startups
Dropped,79522140, USD 5 Mio - 10 Mio, Decker, Courteney, Burlington Resources Inc., 05/05/2017, , , , , 04/12/2017, , USD, 12.000.000, Bandung, M472665, PBWS, Market Group, N, N, Fashion|Mountaineering|Octopus Watching|Startups|Skiing
Funded,47593666, USD 5 Mio - 10 Mio, Gray, Maddison, C. H. Robinson Worldwide Inc., 16/12/2017, 02/01/2018, 27/05/2018, 02/06/2018, 25/08/2018, ,4.99, USD, 10.000.000, Bangkok, M292048, PWTB 173, Raffles 1337, N, N, Tennis|Knitting|Motorsports|Software Development
Met,7685094, < USD 1 Mio, Lord, Lily-Anne, Cablevision Systems Corp, 15/06/2015, 17/06/2015, , , , , , USD, 12.000.000, Surabaya, M292048, PWTB 173, Raffles 1337, N, Y, Reading|Philantropy|Yachting|Mountaineering|Watches|Knitting|Golf|Octopus Watching
Met,34795717, USD 1 Mio - 3 Mio, Duke, Jia, Cabot Corp, 08/09/2017, 25/09/2017, , , , , , SGD, 15.000.000, Singapore, M020921, PBWS 101, APC Southeast Asia, N, N, Knitting|Octopus Watching|Tennis|Watches
Met,1723200, USD 1 Mio - 3 Mio, Deacon, Ella-Grace, Cadence Design Systems Inc., 09/07/2014, 09/07/2014, , , , , , USD, 15.000.000, Surabaya, M796619, PBWS 10, Raffles 9, N, N, Mountaineering|Software Development|Art|Octopus Watching|Hunting
Dropped,10645269, USD 5 Mio - 10 Mio, Cornish, Gemma, Calpine Corp., 28/10/2015, , , , , 02/02/2016, , USD, 12.000.000, Singapore, M292048, PWTB 173, Raffles 1337, N, N, Startups|Hunting|Golf|Mountaineering|Octopus Watching|Watches
Funded,78150346, > USD 20 Mio, Britt, Tayler, Campbell Soup Co., 11/12/2015, 11/12/2015, 22/04/2016, 24/05/2016, 19/07/2016, ,0.97, USD, 10.000.000, Hanoi, M646312, PBWS 52, Singapore Market Vanda 2, Y, N, Golf|Tennis|Reading|Octopus Watching|Wine|Software Development|Fishing
Funded,1897951, < USD 1 Mio, Huang, Vladimir, Capital One Financial Corp., 08/01/2017, 22/01/2017, 03/02/2017, 24/03/2017, 03/04/2017, ,0.74, USD, 100.000.000, Bangkok, M020921, PBWS 101, APC Southeast Asia, N, N, Tennis|Exercise|Watches|Skiing|Ballooning
Met,56325841, < USD 1 Mio, Mellor, Sherry, Cardinal Health Inc., 10/06/2018, 22/06/2018, , , , , , SGD, 10.000.000, Bangkok, M545894, PBWS 12, Raffles 1, N, N, Watches|Bird watching|Yachting|Wine|Fashion
Dropped,6318997, USD 5 Mio - 10 Mio, Hanna, Cheryl, Caremark Rx Inc., 08/03/2018, , , , , 23/08/2018, , USD, 5.000.000, Singapore, M020921, PBWS 101, APC Southeast Asia, Y, Y, Knitting|Reading|Skiing|Mountaineering|Wine|Art|Hunting|Octopus Watching
Profiled,136200, < USD 1 Mio, Sheldon, Asa, Carlisle Cos. Inc., 22/10/2017, , , , , , , USD, 20.000.000, Singapore, M580605, PBWS 12, Raffles 1, N, N, Motorsports|Wine|Mountaineering|Skiing|Watches|Exercise|Knitting|Golf
Met,6431589, < USD 1 Mio, Guerrero, Mabel, Carpenter Technology Corp., 11/03/2016, 12/03/2016, , , , , , USD, 20.000.000, Bangkok, M292048, PWTB 173, Raffles 1337, N, N, Art|Software Development|Knitting
Dropped,5702750, < USD 1 Mio, Butler, Melina, Casey's General Stores Inc., 04/12/2015, , , , , 21/08/2016, , USD, 12.000.000, Phnom Penh, M292048, PWTB 173, Raffles 1337, N, Y, Reading|Skiing|Hunting|Fashion|Golf|Motorsports
Funded,77959851, < USD 1 Mio, O'Sullivan, Kadie, Caterpillar Inc., 29/12/2016, 30/12/2016, 13/03/2016, 17/03/2016, 07/07/2016, ,0.63, USD, 15.000.000, Gadong, M472665, PBWS, Market Group, N, N, Startups|Watches|Exercise|Software Development|Yachting|Ballooning
Dropped,9437886, > USD 20 Mio, Foster, Saqib, CBRL Group Inc., 25/10/2018, , , , , 05/12/2018, , USD, 3.000.000, Bangkok, M580605, PBWS 12, Raffles 1, N, N, Software Development|Golf|Fishing|Ballooning|Octopus Watching|Hunting|Yachting
Met,7807755, > USD 20 Mio, Benitez, Jamie-Leigh, CDI Corp., 19/10/2015, 22/10/2015, , , , , , USD, 5.000.000, Jakarta, M218322, PBWS 10, Raffles 9, N, N, Exercise|Scuba Diving|Reading|Octopus Watching|Startups|Software Development
Met,6686403, USD 1 Mio - 3 Mio, Justice, Zak, CDW Computer Centers Inc., 10/10/2017, 26/10/2017, , , , , , USD, 5.000.000, Makassar, M292048, PWTB 173, Raffles 1337, N, N, Reading|Tennis|Philantropy|Startups|Watches|Hunting|Fashion
Dropped,1300513, > USD 20 Mio, Wynn, Caitlin, CellStar Corp., 19/06/2016, , , , , 02/04/2017, , USD, 12.000.000, Singapore, M020921, PBWS 101, APC Southeast Asia, N, N, Startups|Octopus Watching|Golf|Exercise|Reading
Profiled,34691357, > USD 20 Mio, French, Arielle, Cendant Corp, 16/05/2018, , , , , , , USD, 12.000.000, Hanoi, M292048, PWTB 173, Raffles 1337, Y, N, Art|Knitting|Fashion|Wine|Software Development|Exercise|Tennis|Reading
Dropped,56030880, USD 1 Mio - 3 Mio, Whitley, Tyrell, Cenex Harvest States Cooperatives, 10/02/2017, , , , , 20/02/2017, , USD, 10.000.000, Hong Kong, M591400, PBWS 52, Singapore Market Vanda 2, N, N, Skiing|Fashion|Philantropy|Motorsports|Art|Scuba Diving|Watches
Met,75106484, USD 5 Mio - 10 Mio, Odling, Cecily, Centex Corp., 20/05/2017, 27/05/2017, , , , , , SGD, 12.000.000, Singapore, M545894, PBWS 12, Raffles 1, N, N, Mountaineering|Scuba Diving|Reading|Ballooning|Fishing
Dropped,4256181, USD 1 Mio - 3 Mio, Burris, Aminah, CenturyTel Inc., 09/12/2014, , , , , 17/02/2015, , USD, 15.000.000, Ho Chi Minh, M591400, PBWS 52, Singapore Market Vanda 2, N, N, Tennis|Bird watching|Fashion|Watches|Hunting|Wine|Golf|Mountaineering
Profiled,2257639, USD 5 Mio - 10 Mio, Stone, Terrell, Ceridian Corp., 26/07/2017, , , , , , , USD, 10.000.000, Singapore, M580605, PBWS 12, Raffles 1, N, N, Bird watching|Ballooning|Golf|Art|Exercise
Met,19682281, USD 5 Mio - 10 Mio, Vaughan, Colton, CH2M Hill Cos. Ltd., 24/07/2014, 26/07/2014, , , , , , USD, 10.000.000, Bangkok, M796619, PBWS 10, Raffles 9, N, N, Startups|Motorsports|Hunting|Scuba Diving|Fashion|Watches|Yachting|Art
Profiled,2397654, > USD 20 Mio, Childs, Ronnie, Champion Enterprises Inc., 08/08/2016, , , , , , , SGD, 12.000.000, Hong Kong, M545894, PBWS 12, Raffles 1, N, N, Mountaineering|Art|Skiing|Knitting|Scuba Diving|Ballooning
Met,20032138, < USD 1 Mio, Hutchings, Marwah, Charles Schwab Corp., 11/09/2018, 30/09/2018, , , , , , USD, 3.000.000, Singapore, M591400, PBWS 52, Singapore Market Vanda 2, N, N, Software Development|Fashion|Motorsports|Scuba Diving|Skiing|Fishing|Philantropy
Profiled,5970574, USD 5 Mio - 10 Mio, Fritz, Briony, Charming Shoppes Inc., 21/09/2014, , , , , , , USD, 5.000.000, Jawa Barat, M591400, PBWS 52, Singapore Market Vanda 2, N, N, Art|Watches|Scuba Diving|Startups|Knitting|Golf
Dropped,12415647, USD 5 Mio - 10 Mio, Guerra, Honey, Charter Communications Inc., 21/03/2018, , , , , 19/07/2018, , USD, 30.000.000, Surabaya, M292048, PWTB 173, Raffles 1337, N, Y, Knitting|Watches|Art|Motorsports|Ballooning|Mountaineering|Golf
Met,4893277, > USD 20 Mio, Tillman, Elsa, Charter One Financial Inc., 27/09/2018, 27/09/2018, , , , , , USD, 5.000.000, Singapore, M292048, PWTB 173, Raffles 1337, N, N, Golf|Reading|Tennis|Wine|Bird watching
Dropped,66869734, > USD 20 Mio, Davis, Elsie, ChevronTexaco Corp., 06/08/2018, , , , , 02/01/2019, , USD, 10.000.000, Singapore, M292048, PWTB 173, Raffles 1337, N, Y, Octopus Watching|Golf|Motorsports|Watches|Mountaineering
Profiled,38455617, < USD 1 Mio, Brown, Stacy, Chiquita Brands International Inc., 07/10/2016, , , , , , , USD, 20.000.000, Phnom Penh, M292048, PWTB 173, Raffles 1337, N, N, Wine|Fashion|Knitting|Bird watching|Startups|Yachting
Dropped,25351684, < USD 1 Mio, Walker, Reo, Chubb Corp, 26/12/2015, , , , , 13/08/2016, , SGD, 15.000.000, Singapore, M218322, PBWS 10, Raffles 9, N, N, Reading|Philantropy|Fashion|Tennis|Mountaineering
Met,57645128, < USD 1 Mio, Flower, Elora, Ciena Corp., 10/06/2016, 22/06/2016, , , , , , USD, 20.000.000, Singapore, M292048, PWTB 173, Raffles 1337, N, N, Knitting|Skiing|Bird watching|Ballooning|Art|Exercise|Tennis|Watches
Met,2282606, > USD 20 Mio, Patton, Ingrid, Cigna Corp, 06/10/2015, 14/10/2015, , , , , , USD, 10.000.000, Singapore, M472665, PBWS, Market Group, N, N, Fashion|Startups|Golf|Yachting|Hunting|Philantropy
Profiled,92288359, > USD 20 Mio, Fitzgerald, Raees, Cincinnati Financial Corp., 15/08/2018, , , , , , , SGD, 5.000.000, Singapore, M292048, PWTB 173, Raffles 1337, N, N, Mountaineering|Wine|Watches
Dropped,95758282, USD 1 Mio - 3 Mio, Gonzalez, Gruffydd, Cinergy Corp., 12/11/2017, , , , , 06/08/2018, , USD, 12.000.000, Singapore, M646312, PBWS 52, Singapore Market Vanda 2, N, N, Ballooning|Reading|Exercise|Watches
Dropped,47591364, USD 5 Mio - 10 Mio, Bennett, Margaux, Cintas Corp., 03/09/2014, , , , , 08/09/2014, , SGD, 10.000.000, Singapore, M580605, PBWS 12, Raffles 1, N, Y, Octopus Watching|Scuba Diving|Tennis|Wine|Bird watching|Reading|Yachting|Skiing
Dropped,79996217, USD 1 Mio - 3 Mio, Cline, Tamia, Circuit City Stores Inc., 04/12/2015, , , , , 27/06/2016, , USD, 5.000.000, Gadong, M379655, PBWS, Market Group, N, N, Fashion|Fishing|Ballooning
Dropped,472288, USD 5 Mio - 10 Mio, Mathis, Eli, Cisco Systems Inc., 28/12/2016, , , , , 23/06/2016, , USD, 12.000.000, Johor, M545894, PBWS 12, Raffles 1, N, N, Skiing|Golf|Mountaineering|Octopus Watching|Philantropy
Profiled,1518228, USD 5 Mio - 10 Mio, Gentry, Everly, Citigroup Inc, 15/02/2015, , , , , , , USD, 12.000.000, Manila, M292048, PWTB 173, Raffles 1337, N, Y, Mountaineering|Golf|Octopus Watching|Yachting|Wine|Art
Met,83282522, > USD 20 Mio, Truong, Rubi, Citizens Communications Co., 02/02/2018, 02/02/2018, , , , , , SGD, 3.000.000, Singapore, M020921, PBWS 101, APC Southeast Asia, N, N, Yachting|Bird watching|Watches|Hunting|Startups|Golf
Met,31076386, < USD 1 Mio, Allen, Beyonce, CKE Restaurants Inc., 11/05/2015, 24/05/2015, , , , , , SGD, 15.000.000, Tokyo, M379655, PBWS, Market Group, N, N, Software Development|Hunting|Octopus Watching|Wine|Ballooning|Philantropy|Golf|Startups
Dropped,2408749, USD 5 Mio - 10 Mio, Atkins, Isobelle, Clear Channel Communications Inc., 29/07/2015, , , , , 10/04/2016, , USD, 10.000.000, Bangkok, M591400, PBWS 52, Singapore Market Vanda 2, Y, Y, Ballooning|Tennis|Watches|Mountaineering|Wine|Reading|Art|Scuba Diving
Profiled,8999399, < USD 1 Mio, Cousins, Tamsin, The Clorox Co., 26/07/2017, , , , , , , USD, 12.000.000, Singapore, M379655, PBWS, Market Group, N, N, Watches|Software Development|Fishing|Startups|Hunting|Scuba Diving
Met,5367215, < USD 1 Mio, Hull, Freya, CMGI Inc., 03/08/2014, 12/08/2014, , , , , , USD, 5.000.000, Manila, M292048, PWTB 173, Raffles 1337, N, N, Art|Software Development|Ballooning|Scuba Diving|Startups|Watches|Golf|Hunting
Dropped,5005072, USD 5 Mio - 10 Mio, Davenport, Amani, CMS Energy Corp., 09/10/2017, , , , , 20/12/2017, , USD, 10.000.000, Merlimau Melaka, M247785, PBWS 10, Raffles 9, N, N, Mountaineering|Yachting|Wine
Dropped,4510837, > USD 20 Mio, Newton, Deacon, CNF Inc., 11/11/2016, , , , , 22/03/2017, , SGD, 15.000.000, Singapore, M218322, PBWS 10, Raffles 9, N, Y, Motorsports|Ballooning|Software Development|Hunting|Tennis
Met,9955892, USD 5 Mio - 10 Mio, Melendez, Albie, Coca-Cola Co., 10/08/2014, 12/08/2014, , , , , , SGD, 10.000.000, Jakarta, M020921, PBWS 101, APC Southeast Asia, N, Y, Wine|Golf|Mountaineering|Ballooning|Knitting|Octopus Watching|Tennis|Watches
Funded,5076023, USD 5 Mio - 10 Mio, Mcclain, Ronny, Coca-Cola Enterprises Inc., 16/06/2018, 26/06/2018, 14/07/2018, 20/08/2018, 24/08/2018, ,0.79, USD, 20.000.000, Hong Kong, M796619, PBWS 10, Raffles 9, N, N, Bird watching|Software Development|Motorsports|Art
Dropped,5711811, USD 5 Mio - 10 Mio, Mcgill, Azra, Colgate-Palmolive Co., 25/10/2018, , , , , 31/12/2019, , USD, 10.000.000, Gadong, M247785, PBWS 10, Raffles 9, N, N, Yachting|Fashion|Knitting|Motorsports|Golf|Watches
Profiled,6430567, > USD 20 Mio, Lowe, Brandan, Collins & Aikman Corp., 07/01/2015, , , , , , , SGD, 100.000.000, Singapore, M591400, PBWS 52, Singapore Market Vanda 2, N, Y, Golf|Motorsports|Exercise|Watches|Bird watching|Fishing
Met,352966, < USD 1 Mio, Laing, Vera, Comcast Corp., 23/07/2015, 08/08/2015, , , , , , SGD, 10.000.000, Bangkok, M218322, PBWS 10, Raffles 9, N, N, Hunting|Software Development|Watches|Philantropy|Golf|Ballooning|Exercise
Dropped,2290717, USD 1 Mio - 3 Mio, Lang, Neriah, Comdisco Inc., 24/06/2017, , , , , 22/07/2017, , USD, 5.000.000, Singapore, M218322, PBWS 10, Raffles 9, N, N, Startups|Bird watching|Fashion|Yachting|Software Development|Octopus Watching
Profiled,4604340, < USD 1 Mio, Sinclair, Vivaan, Comerica Inc., 19/12/2015, , , , , , , USD, 12.000.000, Singapore, M292048, PWTB 173, Raffles 1337, N, N, Motorsports|Octopus Watching|Ballooning|Knitting|Reading
Dropped,74017348, USD 1 Mio - 3 Mio, Dudley, Caiden, Comfort Systems USA Inc., 17/07/2015, , , , , 21/10/2015, , USD, 12.000.000, Davao City, M292048, PWTB 173, Raffles 1337, N, N, Fishing|Hunting|Scuba Diving|Philantropy
Profiled,7752738, < USD 1 Mio, Carver, Oliwier, Commercial Metals Co., 26/04/2017, , , , , , , USD, 20.000.000, Singapore, M292048, PWTB 173, Raffles 1337, N, N, Mountaineering|Software Development|Startups|Octopus Watching|Scuba Diving|Fashion
Dropped,47487267, USD 1 Mio - 3 Mio, Kennedy, Mahima, Community Health Systems Inc., 05/05/2016, , , , , 27/06/2016, , USD, 15.000.000, Bangkok, M292048, PWTB 173, Raffles 1337, N, N, Bird watching|Mountaineering|Philantropy
Met,92732372, USD 1 Mio - 3 Mio, Jefferson, Mariam, Compass Bancshares Inc, 29/04/2016, 18/05/2016, , , , , , USD, 20.000.000, Tokyo, M292048, PWTB 173, Raffles 1337, N, N, Yachting|Knitting|Ballooning|Wine|Fashion|Golf
Dropped,91646745, < USD 1 Mio, Cross, Yaqub, Computer Associates International Inc., 17/10/2014, , , , , 05/08/2015, , SGD, 30.000.000, Caloocan, M379655, PBWS, Market Group, N, N, Bird watching|Mountaineering|Software Development
Dropped,69312826, USD 5 Mio - 10 Mio, Huff, Kush, Computer Sciences Corp., 08/01/2017, , , , , 10/02/2017, , USD, 15.000.000, Bangkok, M292048, PWTB 173, Raffles 1337, N, N, Skiing|Ballooning|Philantropy
Dropped,64588235, > USD 20 Mio, Kelley, Ioana, Compuware Corp., 24/02/2016, , , , , 25/10/2016, , USD, 15.000.000, Hong Kong, M292048, PWTB 173, Raffles 1337, N, N, Fashion|Skiing|Hunting|Watches|Mountaineering
Dropped,74201318, USD 1 Mio - 3 Mio, Downes, Eman, Comverse Technology Inc., 11/06/2015, , , , , 26/02/2016, , USD, 10.000.000, Singapore, M646312, PBWS 52, Singapore Market Vanda 2, N, N, Startups|Fishing|Exercise|Reading|Art|Scuba Diving|Wine
Dropped,4036224, USD 1 Mio - 3 Mio, Riddle, Clark, ConAgra Foods Inc., 29/07/2014, , , , , 21/03/2015, , USD, 10.000.000, Merlimau Melaka, M796619, PBWS 10, Raffles 9, N, N, Golf|Reading|Wine|Fashion|Exercise
Met,1166587, > USD 20 Mio, Vazquez, Tahmina, Concord EFS Inc., 20/10/2014, 25/10/2014, , , , , , USD, 12.000.000, Hong Kong, M247785, PBWS 10, Raffles 9, N, N, Philantropy|Hunting|Yachting|Startups
Profiled,1722102, > USD 20 Mio, Norman, Jakob, Conectiv Inc, 16/07/2016, , , , , , , SGD, 15.000.000, Ho Chi Minh, M292048, PWTB 173, Raffles 1337, Y, N, Philantropy|Bird watching|Fishing|Watches|Software Development|Motorsports
Met,8594729, USD 1 Mio - 3 Mio, Byrd, Ashlyn, Conoco Inc, 18/01/2018, 27/01/2018, , , , , , SGD, 3.000.000, Singapore, M218322, PBWS 10, Raffles 9, N, N, Bird watching|Reading|Exercise|Scuba Diving|Software Development|Art|Fishing|Knitting
Met,8659931, USD 5 Mio - 10 Mio, Macfarlane, Layla-Mae, Conseco Inc., 11/09/2018, 16/09/2018, , , , , , USD, 10.000.000, Singapore, M292048, PWTB 173, Raffles 1337, N, N, Fashion|Knitting|Watches|Software Development|Golf|Mountaineering|Motorsports
Dropped,62262692, < USD 1 Mio, Spears, Indiana, Consolidated Freightways Corp., 27/01/2018, , , , , 19/02/2018, , USD, 15.000.000, Johor, M796619, PBWS 10, Raffles 9, N, N, Software Development|Tennis|Skiing
Dropped,8649918, USD 1 Mio - 3 Mio, Bevan, Saniya, Consolidated Edison Inc., 01/08/2015, , , , , 27/12/2016, , USD, 15.000.000, Singapore, M646312, PBWS 52, Singapore Market Vanda 2, N, Y, Wine|Mountaineering|Golf|Fishing|Exercise|Skiing
Dropped,22555570, USD 5 Mio - 10 Mio, Timms, Andy, Constellation Brands Inc., 17/01/2015, , , , , 12/03/2015, , USD, 20.000.000, Singapore, M379655, PBWS, Market Group, N, N, Ballooning|Golf|Startups|Motorsports
Dropped,29323442, > USD 20 Mio, Chadwick, Ella-May, Constellation Emergy Group Inc., 23/08/2016, , , , , 21/09/2016, , SGD, 15.000.000, Singapore, M292048, PWTB 173, Raffles 1337, Y, N, Watches|Philantropy|Motorsports
Met,51437007, USD 1 Mio - 3 Mio, Chester, Phillippa, Continental Airlines Inc., 01/05/2018, 08/05/2018, , , , , , USD, 15.000.000, Bangkok, M545894, PBWS 12, Raffles 1, N, N, Fishing|Exercise|Bird watching|Watches|Software Development|Golf|Mountaineering|Philantropy
Profiled,74362497, USD 1 Mio - 3 Mio, Walter, Emmanuel, Convergys Corp., 30/01/2017, , , , , , , USD, 10.000.000, Ho Chi Minh, M646312, PBWS 52, Singapore Market Vanda 2, N, N, Knitting|Fashion|Philantropy|Scuba Diving|Startups|Mountaineering|Ballooning
Profiled,64107150, < USD 1 Mio, Perez, Kimberly, Cooper Cameron Corp., 26/06/2018, , , , , , , SGD, 5.000.000, Ipoh Perak, M218322, PBWS 10, Raffles 9, N, Y, Mountaineering|Exercise|Reading
Dropped,8099985, < USD 1 Mio, Frey, Fergus, Cooper Industries Ltd., 09/06/2015, , , , , 05/03/2016, , SGD, 30.000.000, Jakarta, M292048, PWTB 173, Raffles 1337, N, N, Skiing|Bird watching|Hunting|Yachting
Funded,8137895, USD 5 Mio - 10 Mio, Bannister, Benedict, Cooper Tire & Rubber Co., 25/02/2016, 04/03/2016, 08/09/2016, 25/09/2016, 04/01/2017, ,5.21, USD, 3.000.000, Singapore, M796619, PBWS 10, Raffles 9, Y, N, Wine|Mountaineering|Software Development|Motorsports|Fashion|Exercise|Reading
Dropped,51284681, < USD 1 Mio, Rivers, Gregory, Corn Products International Inc., 21/11/2016, , , , , 13/05/2017, , SGD, 10.000.000, Singapore, M796619, PBWS 10, Raffles 9, N, N, Fishing|Octopus Watching|Startups|Yachting
Profiled,28112993, USD 1 Mio - 3 Mio, Stout, Bruno, Corning Inc., 04/01/2018, , , , , , , USD, 3.000.000, Singapore, M379655, PBWS, Market Group, N, N, Software Development|Ballooning|Bird watching|Motorsports|Scuba Diving|Art|Fishing|Hunting
Profiled,63143845, USD 1 Mio - 3 Mio, Weir, Lubna, Costco Wholesale Corp., 04/09/2015, , , , , , , USD, 15.000.000, Hanoi, M591400, PBWS 52, Singapore Market Vanda 2, N, Y, Motorsports|Software Development|Exercise|Startups|Tennis
Met,9967030, > USD 20 Mio, Dalby, Harlow, Countrywide Credit Industries Inc., 26/11/2014, 26/11/2014, , , , , , USD, 20.000.000, Hong Kong, M379655, PBWS, Market Group, N, Y, Art|Motorsports|Watches|Tennis|Scuba Diving
Met,31007127, USD 5 Mio - 10 Mio, Beattie, Nayla, Coventry Health Care Inc., 01/10/2016, 20/10/2016, , , , , , USD, 10.000.000, Singapore, M646312, PBWS 52, Singapore Market Vanda 2, N, N, Fishing|Hunting|Knitting|Fashion|Golf|Reading|Skiing
Profiled,8440794, USD 1 Mio - 3 Mio, Nash, Cleveland, Cox Communications Inc., 26/12/2015, , , , , , , SGD, 20.000.000, Surabaya, M292048, PWTB 173, Raffles 1337, N, N, Wine|Exercise|Knitting|Art
Funded,6600680, > USD 20 Mio, Stevenson, Oakley, Crane Co., 17/05/2015, 28/05/2015, 01/08/2015, 19/08/2015, 27/11/2015, ,0.66, USD, 15.000.000, Singapore, M472665, PBWS, Market Group, N, Y, Exercise|Tennis|Reading
Met,92829977, > USD 20 Mio, Herbert, Alissia, Crompton Corp., 27/12/2014, 30/12/2015, , , , , , SGD, 12.000.000, Singapore, M796619, PBWS 10, Raffles 9, N, Y, Fishing|Knitting|Exercise|Wine
Profiled,23926760, USD 5 Mio - 10 Mio, Dickens, Romany, Crown Cork & Seal Co. Inc., 08/06/2015, , , , , , , USD, 12.000.000, Jakarta, M292048, PWTB 173, Raffles 1337, N, Y, Mountaineering|Skiing|Hunting
Dropped,9719894, > USD 20 Mio, Coles, Omer, CSK Auto Corp., 03/10/2014, , , , , 02/06/2015, , USD, 30.000.000, Singapore, M292048, PWTB 173, Raffles 1337, N, N, Bird watching|Watches|Motorsports|Tennis|Exercise
Dropped,6885625, < USD 1 Mio, Pearce, Nayan, CSX Corp., 05/05/2015, , , , , 03/02/2016, , USD, 10.000.000, Makassar, M020921, PBWS 101, APC Southeast Asia, N, N, Skiing|Fashion|Yachting|Startups
Dropped,3325319, USD 5 Mio - 10 Mio, Davidson, Gertrude, Cummins Inc., 23/06/2015, , , , , 04/10/2015, , USD, 20.000.000, Surabaya, M218322, PBWS 10, Raffles 9, N, N, Software Development|Scuba Diving|Startups|Fishing|Wine|Watches|Tennis
Dropped,1675890, < USD 1 Mio, Woodward, Amelie, CVS Corp., 17/07/2015, , , , , 20/04/2016, , SGD, 15.000.000, Phnom Penh, M379655, PBWS, Market Group, N, N, Wine|Startups|Octopus Watching|Mountaineering|Bird watching|Watches
Met,4187866, USD 1 Mio - 3 Mio, Bloggs, Austen, Cytec Industries Inc., 15/09/2014, 26/09/2014, , , , , , USD, 10.000.000, Singapore, M796619, PBWS 10, Raffles 9, N, Y, Tennis|Knitting|Philantropy|Fishing|Software Development|Mountaineering|Motorsports|Golf
Met,5096699, > USD 20 Mio, Hester, Momina, D&K Healthcare Resources Inc., 26/03/2016, 12/04/2016, , , , , , USD, 12.000.000, Singapore, M472665, PBWS, Market Group, N, N, Hunting|Ballooning|Exercise|Golf|Art
Met,7036177, > USD 20 Mio, Hicks, Ernest, D.R. Horton Inc., 16/09/2016, 18/09/2016, , , , , , USD, 15.000.000, Singapore, M580605, PBWS 12, Raffles 1, N, N, Octopus Watching|Bird watching|Wine|Ballooning|Yachting|Skiing|Reading
Profiled,7303088, > USD 20 Mio, Blair, Lyla-Rose, Dana Corporation, 28/01/2017, , , , , , , USD, 20.000.000, Singapore, M379655, PBWS, Market Group, N, Y, Ballooning|Art|Yachting|Fishing|Mountaineering|Software Development
Dropped,70377507, USD 5 Mio - 10 Mio, Kay, Tanvir, Danaher Corporation, 30/01/2015, , , , , 17/07/2015, , USD, 5.000.000, Hong Kong, M292048, PWTB 173, Raffles 1337, N, N, Mountaineering|Reading|Software Development
Dropped,1495987, < USD 1 Mio, Williams, Daryl, Darden Restaurants Inc., 10/06/2017, , , , , 21/07/2017, , USD, 15.000.000, Bangkok, M247785, PBWS 10, Raffles 9, N, Y, Fishing|Knitting|Reading|Wine|Art|Exercise
Dropped,2106159, USD 5 Mio - 10 Mio, Riley, Connah, DaVita Inc., 16/07/2015, , , , , 09/08/2015, , USD, 10.000.000, Singapore, M379655, PBWS, Market Group, N, N, Knitting|Tennis|Exercise|Philantropy|Yachting|Octopus Watching|Motorsports
Profiled,1194560, USD 5 Mio - 10 Mio, Mustafa, Thomas, Dean Foods Company, 19/03/2018, , , , , , , USD, 20.000.000, Singapore, M580605, PBWS 12, Raffles 1, N, N, Tennis|Exercise|Knitting|Mountaineering|Yachting|Reading|Philantropy
Met,3048943, > USD 20 Mio, Simpson, Hoorain, Deere & Company, 19/08/2018, 30/08/2018, , , , , , USD, 20.000.000, Jakarta, M292048, PWTB 173, Raffles 1337, N, N, Philantropy|Mountaineering|Watches|Bird watching
Funded,14290794, < USD 1 Mio, Hurley, Haider, Del Monte Foods Co, 21/01/2018, 05/02/2018, 15/02/2018, 06/03/2018, 09/06/2018, ,7.28, USD, 12.000.000, Singapore, M591400, PBWS 52, Singapore Market Vanda 2, N, N, Tennis|Exercise|Wine|Octopus Watching|Golf|Fashion|Skiing|Startups
Dropped,6865598, > USD 20 Mio, Gould, Guto, Dell Computer Corporation, 24/08/2015, , , , , 01/03/2016, , USD, 15.000.000, Hanoi, M545894, PBWS 12, Raffles 1, N, N, Hunting|Watches|Bird watching|Mountaineering|Yachting|Exercise|Golf|Scuba Diving
Profiled,7639406, USD 1 Mio - 3 Mio, Wang, Kieren, Delphi Corp., 05/04/2018, , , , , , , SGD, 15.000.000, Manila, M379655, PBWS, Market Group, N, N, Hunting|Scuba Diving|Bird watching|Golf
Dropped,84497217, USD 5 Mio - 10 Mio, Devine, Paulina, Delta Air Lines Inc., 03/01/2017, , , , , 01/04/2017, , USD, 10.000.000, Singapore, M646312, PBWS 52, Singapore Market Vanda 2, N, N, Motorsports|Golf|Scuba Diving|Octopus Watching|Wine|Tennis|Skiing|Software Development
Profiled,34456057, USD 5 Mio - 10 Mio, Haney, Kyal, Deluxe Corporation, 09/10/2015, , , , , , , USD, 12.000.000, Surabaya, M545894, PBWS 12, Raffles 1, N, N, Hunting|Startups|Philantropy|Wine|Octopus Watching|Ballooning|Fashion
Met,21244506, < USD 1 Mio, Quinn, Cassius, Devon Energy Corporation, 05/08/2018, 16/08/2018, , , , , , USD, 10.000.000, Hanoi, M545894, PBWS 12, Raffles 1, N, N, Knitting|Exercise|Reading|Bird watching|Startups
Profiled,8280986, > USD 20 Mio, Adkins, Zunairah, Di Giorgio Corporation, 28/11/2016, , , , , , , SGD, 20.000.000, Tokyo, M545894, PBWS 12, Raffles 1, N, N, Fashion|Philantropy|Tennis|Mountaineering
Profiled,958434, USD 1 Mio - 3 Mio, Suarez, Cassia, Dial Corporation, 26/02/2018, , , , , , , USD, 5.000.000, Hong Kong, M292048, PWTB 173, Raffles 1337, N, N, Fashion|Startups|Fishing
Dropped,6515449, USD 1 Mio - 3 Mio, Mendoza, Adyan, Diebold Incorporated, 23/01/2017, , , , , 10/02/2017, , SGD, 15.000.000, Singapore, M379655, PBWS, Market Group, N, N, Tennis|Skiing|Yachting|Wine|Startups|Reading|Software Development
Met,4661922, > USD 20 Mio, Alvarado, Cecelia, Dillard's Inc., 05/07/2018, 23/07/2018, , , , , , USD, 5.000.000, Merlimau Melaka, M646312, PBWS 52, Singapore Market Vanda 2, N, N, Mountaineering|Bird watching|Exercise|Hunting
Funded,68542394, > USD 20 Mio, Holmes, Shaquille, DIMON Incorporated, 26/05/2018, 13/06/2018, 14/09/2018, 09/11/2018, 26/11/2018, ,0.52, USD, 12.000.000, Phnom Penh, M020921, PBWS 101, APC Southeast Asia, N, Y, Motorsports|Startups|Wine|Reading|Yachting
Dropped,9193323, > USD 20 Mio, Christie, Karol, Dole Food Company Inc., 08/02/2015, , , , , 27/05/2015, , USD, 10.000.000, Bangkok, M796619, PBWS 10, Raffles 9, N, N, Bird watching|Mountaineering|Hunting
Met,29463986, > USD 20 Mio, Phan, Sarina, Dollar General Corporation, 18/07/2017, 22/07/2017, , , , , , USD, 15.000.000, Singapore, M218322, PBWS 10, Raffles 9, N, Y, Mountaineering|Octopus Watching|Scuba Diving|Golf|Hunting|Fishing
Dropped,5474082, < USD 1 Mio, Cook, Wasim, Dollar Tree Stores Inc., 01/08/2015, , , , , 02/11/2015, , USD, 20.000.000, Singapore, M292048, PWTB 173, Raffles 1337, N, N, Motorsports|Exercise|Yachting|Tennis|Octopus Watching|Bird watching|Philantropy|Scuba Diving
Dropped,39491880, > USD 20 Mio, Maynard, Dani, Dominion Resources Inc., 04/06/2014, , , , , 27/11/2014, , USD, 12.000.000, Bangkok, M247785, PBWS 10, Raffles 9, N, N, Skiing|Reading|Philantropy|Yachting|Hunting|Tennis
Funded,41878101, > USD 20 Mio, Barker, Junayd, Domino's Pizza LLC, 15/12/2017, 29/12/2017, 17/01/2018, 23/01/2018, 02/03/2018, ,8.75, USD, 12.000.000, Singapore, M247785, PBWS 10, Raffles 9, Y, Y, Scuba Diving|Philantropy|Watches|Motorsports|Tennis|Skiing
Dropped,102767, USD 5 Mio - 10 Mio, Ortega, Kwame, Dover Corporation Inc., 25/01/2017, , , , , 14/05/2017, , USD, 10.000.000, Jawa Barat, M247785, PBWS 10, Raffles 9, Y, N, Watches|Reading|Knitting|Philantropy|Ballooning|Exercise|Fishing
Funded,4978244, USD 1 Mio - 3 Mio, Melendez, Nyle, Dow Chemical Company, 18/06/2017, 18/06/2017, 01/08/2017, 14/09/2017, 20/10/2017, ,5.41, USD, 10.000.000, Jakarta, M292048, PWTB 173, Raffles 1337, N, N, Startups|Fishing|Mountaineering|Philantropy|Watches
Dropped,1845338, USD 5 Mio - 10 Mio, Sadler, Wren, Dow Jones & Company Inc., 27/11/2016, , , , , 29/04/2017, , USD, 12.000.000, Bangkok, M292048, PWTB 173, Raffles 1337, N, N, Hunting|Octopus Watching|Art|Wine|Ballooning|Startups|Mountaineering|Tennis
Met,17111112, < USD 1 Mio, Burris, Mikail, DPL Inc., 13/09/2014, 17/09/2014, , , , , , SGD, 5.000.000, Gadong, M591400, PBWS 52, Singapore Market Vanda 2, N, Y, Scuba Diving|Knitting|Motorsports|Philantropy|Fishing|Startups
Funded,56289036, > USD 20 Mio, Oliver, Sammy-Jo, DQE Inc., 18/05/2017, 20/05/2017, 01/09/2017, 04/09/2017, 24/11/2017, ,4.09, USD, 12.000.000, Singapore, M580605, PBWS 12, Raffles 1, N, N, Scuba Diving|Bird watching|Knitting|Fashion
Profiled,523343, USD 5 Mio - 10 Mio, Brookes, Hayleigh, Dreyer's Grand Ice Cream Inc., 16/12/2017, , , , , , , USD, 5.000.000, Manila, M796619, PBWS 10, Raffles 9, N, N, Bird watching|Fashion|Startups
Dropped,4956100, > USD 20 Mio, James, Jenna, DST Systems Inc., 20/10/2015, , , , , 24/07/2016, , USD, 12.000.000, Singapore, M580605, PBWS 12, Raffles 1, N, Y, Knitting|Octopus Watching|Scuba Diving|Motorsports|Exercise|Art|Watches|Skiing
Met,85976653, > USD 20 Mio, Rivera, Rufus, DTE Energy Co., 23/11/2014, 11/12/2014, , , , , , SGD, 12.000.000, Singapore, M247785, PBWS 10, Raffles 9, N, N, Watches|Octopus Watching|Reading
Dropped,12682676, > USD 20 Mio, Mcclure, Jazmyn, E.I. Du Pont de Nemours and Company, 10/09/2017, , , , , 21/03/2018, , USD, 12.000.000, Hong Kong, M292048, PWTB 173, Raffles 1337, N, N, Watches|Philantropy|Octopus Watching|Fishing
Met,28410403, USD 5 Mio - 10 Mio, Rudd, Jenny, Duke Energy Corp, 29/03/2018, 09/04/2018, , , , , , USD, 10.000.000, Merlimau Melaka, M292048, PWTB 173, Raffles 1337, N, N, Wine|Watches|Skiing|Fishing|Motorsports|Golf|Exercise|Mountaineering
Profiled,7655499, USD 1 Mio - 3 Mio, Tyler, Anton, Dun & Bradstreet Inc., 01/07/2016, , , , , , , SGD, 15.000.000, Hong Kong, M292048, PWTB 173, Raffles 1337, N, N, Skiing|Fishing|Watches|Yachting|Golf
Met,41154670, < USD 1 Mio, Ellison, Daniele, DURA Automotive Systems Inc., 18/10/2015, 26/10/2015, , , , , , SGD, 10.000.000, Hong Kong, M292048, PWTB 173, Raffles 1337, N, Y, Motorsports|Watches|Yachting|Mountaineering|Startups|Ballooning|Golf
Met,93303168, USD 5 Mio - 10 Mio, Rowley, Leia, DynCorp, 05/07/2014, 05/07/2014, , , , , , SGD, 15.000.000, Hong Kong, M020921, PBWS 101, APC Southeast Asia, N, N, Mountaineering|Software Development|Skiing|Reading|Octopus Watching
Met,50535956, USD 5 Mio - 10 Mio, Randolph, Avneet, Dynegy Inc., 18/08/2017, 25/08/2017, , , , , , USD, 20.000.000, Bekasi, M545894, PBWS 12, Raffles 1, N, Y, Exercise|Startups|Software Development|Fashion|Reading|Art
Profiled,5007704, USD 1 Mio - 3 Mio, Coates, Arjan, E*Trade Group Inc., 13/09/2016, , , , , , , USD, 15.000.000, Hong Kong, M218322, PBWS 10, Raffles 9, N, N, Bird watching|Golf|Scuba Diving|Exercise|Watches|Octopus Watching|Philantropy
Met,8757769, USD 5 Mio - 10 Mio, Figueroa, Patrick, E.W. Scripps Company, 03/08/2017, 14/08/2017, , , , , , SGD, 10.000.000, Singapore, M292048, PWTB 173, Raffles 1337, N, Y, Skiing|Exercise|Fishing|Motorsports|Startups|Tennis
Dropped,4995274, USD 1 Mio - 3 Mio, Shelton, Parker, Earthlink Inc., 15/10/2017, , , , , 28/12/2017, , USD, 20.000.000, Manila, M591400, PBWS 52, Singapore Market Vanda 2, N, N, Startups|Watches|Reading|Wine|Mountaineering|Exercise|Golf|Art
Met,18505739, < USD 1 Mio, Rossi, Alayna, Eastman Chemical Company, 03/08/2014, 17/08/2014, , , , , , USD, 10.000.000, Singapore, M292048, PWTB 173, Raffles 1337, N, Y, Bird watching|Fashion|Yachting|Fishing|Mountaineering
Profiled,77992765, USD 1 Mio - 3 Mio, Krueger, Leanna, Eastman Kodak Company, 13/08/2014, , , , , , , USD, 5.000.000, Singapore, M292048, PWTB 173, Raffles 1337, N, N, Octopus Watching|Software Development|Reading|Fashion|Philantropy
Dropped,16770705, > USD 20 Mio, Sykes, Glyn, Eaton Corporation, 15/06/2016, , , , , 26/09/2016, , USD, 12.000.000, Hong Kong, M020921, PBWS 101, APC Southeast Asia, N, Y, Philantropy|Skiing|Scuba Diving|Octopus Watching|Bird watching|Tennis
Dropped,60687276, USD 1 Mio - 3 Mio, Whitworth, Ellis, Echostar Communications Corporation, 25/03/2017, , , , , 31/05/2017, , SGD, 20.000.000, Palembang, M292048, PWTB 173, Raffles 1337, N, N, Bird watching|Octopus Watching|Fishing|Startups|Skiing|Hunting|Golf
Met,942271, < USD 1 Mio, Cano, Brayden, Ecolab Inc., 12/06/2015, 30/06/2015, , , , , , USD, 10.000.000, Hong Kong, M292048, PWTB 173, Raffles 1337, N, N, Knitting|Tennis|Ballooning
Met,76475349, USD 1 Mio - 3 Mio, Ball, Shayla, Edison International, 11/10/2018, 16/10/2018, , , , , , SGD, 10.000.000, Hanoi, M379655, PBWS, Market Group, N, N, Watches|Yachting|Octopus Watching|Mountaineering|Wine|Motorsports|Fashion|Scuba Diving
Met,48958381, < USD 1 Mio, Mackenzie, Angharad, EGL Inc., 12/05/2017, 24/05/2017, , , , , , SGD, 12.000.000, Singapore, M292048, PWTB 173, Raffles 1337, N, N, Exercise|Ballooning|Tennis
Dropped,7865199, USD 1 Mio - 3 Mio, Woodley, Makenzie, El Paso Corporation, 24/11/2017, , , , , 22/06/2018, , SGD, 3.000.000, Gadong, M292048, PWTB 173, Raffles 1337, N, N, Watches|Ballooning|Yachting|Wine
Funded,31004500, > USD 20 Mio, Mcculloch, Neave, Electronic Arts Inc., 06/07/2015, 12/07/2015, 07/08/2015, 15/09/2015, 01/10/2015, ,0.32, SGD, 10.000.000, Manila, M292048, PWTB 173, Raffles 1337, N, N, Knitting|Fishing|Hunting|Mountaineering|Golf|Yachting|Octopus Watching|Exercise
Met,71579100, USD 5 Mio - 10 Mio, Knight, Rosalie, Electronic Data Systems Corp., 18/03/2016, 05/04/2016, , , , , , USD, 15.000.000, Phnom Penh, M292048, PWTB 173, Raffles 1337, N, N, Mountaineering|Skiing|Reading
Met,3054345, < USD 1 Mio, Cooke, Malaki, Eli Lilly and Company, 27/04/2016, 03/05/2016, , , , , , USD, 20.000.000, Jakarta, M472665, PBWS, Market Group, N, Y, Bird watching|Exercise|Skiing|Reading|Golf|Software Development
Dropped,8312273, USD 5 Mio - 10 Mio, Hurst, Ruby-Leigh, EMC Corporation, 09/06/2015, , , , , 29/10/2015, , USD, 12.000.000, Singapore, M379655, PBWS, Market Group, N, Y, Reading|Octopus Watching|Bird watching|Startups
Profiled,3560857, USD 1 Mio - 3 Mio, Peck, Kajol, Emcor Group Inc., 16/08/2016, , , , , , , SGD, 12.000.000, Singapore, M020921, PBWS 101, APC Southeast Asia, N, N, Bird watching|Skiing|Software Development|Startups|Yachting
Profiled,68933794, > USD 20 Mio, Castro, Maciej, Emerson Electric Co., 14/12/2015, , , , , , , USD, 30.000.000, Surabaya, M247785, PBWS 10, Raffles 9, N, N, Ballooning|Wine|Art|Watches|Knitting|Bird watching|Tennis|Philantropy
Met,6045468, USD 1 Mio - 3 Mio, Benson, Hafsa, Encompass Services Corporation, 15/07/2017, 16/07/2017, , , , , , USD, 15.000.000, Hong Kong, M796619, PBWS 10, Raffles 9, N, N, Mountaineering|Motorsports|Scuba Diving|Fashion
Profiled,62400606, USD 5 Mio - 10 Mio, Durham, Ollie, Energizer Holdings Inc., 26/10/2017, , , , , , , USD, 10.000.000, Bangkok, M020921, PBWS 101, APC Southeast Asia, N, N, Reading|Mountaineering|Watches|Motorsports
Dropped,79401148, USD 5 Mio - 10 Mio, Allison, Nannie, Energy East Corporation, 12/12/2017, , , , , 02/03/2018, , USD, 15.000.000, Surabaya, M472665, PBWS, Market Group, N, N, Yachting|Reading|Golf|Motorsports|Octopus Watching|Scuba Diving
Profiled,18152974, > USD 20 Mio, Ryan, Theon, Engelhard Corporation, 28/07/2014, , , , , , , USD, 12.000.000, Davao City, M545894, PBWS 12, Raffles 1, N, N, Art|Golf|Startups|Fishing
Funded,83469465, USD 5 Mio - 10 Mio, Martins, Aanya, Enron Corp., 07/08/2016, 24/08/2016, 20/12/2016, 14/01/2017, 22/04/2017, ,49.4, SGD, 12.000.000, Gadong, M020921, PBWS 101, APC Southeast Asia, N, Y, Skiing|Mountaineering|Watches|Bird watching|Scuba Diving
Dropped,1250802, < USD 1 Mio, Rich, Dotty, Entergy Corporation, 14/11/2014, , , , , 16/08/2015, , USD, 10.000.000, Singapore, M292048, PWTB 173, Raffles 1337, N, N, Fashion|Exercise|Reading|Software Development|Knitting|Fishing
Dropped,3081495, USD 5 Mio - 10 Mio, Schofield, Jonah, Enterprise Products Partners L.P., 05/07/2014, , , , , 01/09/2014, , USD, 5.000.000, Singapore, M292048, PWTB 173, Raffles 1337, N, N, Art|Exercise|Reading|Motorsports|Wine|Hunting|Bird watching
Dropped,52812438, > USD 20 Mio, Avery, Cecilia, EOG Resources Inc., 22/09/2014, , , , , 27/12/2014, , USD, 5.000.000, Ipoh Perak, M292048, PWTB 173, Raffles 1337, Y, N, Mountaineering|Motorsports|Hunting|Octopus Watching|Software Development|Exercise
Profiled,70972912, USD 5 Mio - 10 Mio, Maguire, Rayhaan, Equifax Inc., 13/07/2014, , , , , , , SGD, 5.000.000, Singapore, M247785, PBWS 10, Raffles 9, N, Y, Exercise|Reading|Golf|Skiing
Dropped,54137008, < USD 1 Mio, Little, Carmen, Equitable Resources Inc., 07/06/2017, , , , , 19/08/2017, , SGD, 10.000.000, Singapore, M545894, PBWS 12, Raffles 1, N, N, Tennis|Art|Startups|Exercise
Met,62813638, USD 1 Mio - 3 Mio, Zavala, Igor, Equity Office Properties Trust, 10/06/2017, 15/06/2017, , , , , , SGD, 15.000.000, Caloocan, M379655, PBWS, Market Group, N, N, Exercise|Reading|Skiing|Software Development|Octopus Watching
Met,9085899, USD 5 Mio - 10 Mio, Dennis, Juanita, Equity Residential Properties Trust, 18/03/2016, 24/03/2016, , , , , , USD, 20.000.000, Singapore, M545894, PBWS 12, Raffles 1, N, N, Octopus Watching|Art|Golf
Profiled,3442821, > USD 20 Mio, Morrow, Uzair, Estee Lauder Companies Inc., 27/11/2015, , , , , , , USD, 20.000.000, Ipoh Perak, M646312, PBWS 52, Singapore Market Vanda 2, N, Y, Philantropy|Exercise|Octopus Watching|Hunting
Dropped,4694452, > USD 20 Mio, Mcdaniel, Shakir, Exelon Corporation, 02/09/2014, , , , , 07/09/2014, , USD, 12.000.000, Singapore, M292048, PWTB 173, Raffles 1337, N, N, Wine|Watches|Tennis|Fashion|Reading|Skiing|Exercise|Startups
Dropped,45733352, USD 1 Mio - 3 Mio, Clarke, Mylah, Exide Technologies, 27/02/2016, , , , , 04/06/2016, , USD, 10.000.000, Bangkok, M545894, PBWS 12, Raffles 1, N, N, Mountaineering|Golf|Wine|Motorsports|Hunting|Bird watching|Knitting
Met,66592623, USD 1 Mio - 3 Mio, Parks, Noor, Expeditors International of Washington Inc., 16/10/2018, 29/10/2018, , , , , , USD, 15.000.000, Manila, M292048, PWTB 173, Raffles 1337, N, N, Art|Mountaineering|Skiing|Software Development|Philantropy
Dropped,71443653, < USD 1 Mio, Couch, Murat, Express Scripts Inc., 23/11/2017, , , , , 01/06/2018, , USD, 12.000.000, Tokyo, M796619, PBWS 10, Raffles 9, N, N, Ballooning|Exercise|Skiing|Hunting|Software Development
Met,31854920, USD 5 Mio - 10 Mio, Betts, Haya, ExxonMobil Corporation, 19/11/2015, 05/12/2015, , , , , , SGD, 15.000.000, Palembang, M247785, PBWS 10, Raffles 9, N, N, Ballooning|Fashion|Watches|Reading|Tennis|Startups|Motorsports
Dropped,53132255, USD 1 Mio - 3 Mio, Hanson, Elaina, Fairchild Semiconductor International Inc., 08/03/2017, , , , , 21/07/2017, , USD, 10.000.000, Singapore, M545894, PBWS 12, Raffles 1, N, Y, Wine|Mountaineering|Tennis|Hunting|Octopus Watching|Scuba Diving|Software Development|Skiing
Funded,1869854, USD 5 Mio - 10 Mio, Broadhurst, Scott, Family Dollar Stores Inc., 02/12/2015, 02/12/2015, 03/01/2016, 10/01/2016, 28/02/2016, ,0.51, SGD, 5.000.000, Singapore, M796619, PBWS 10, Raffles 9, N, N, Yachting|Philantropy|Skiing|Golf|Knitting|Art
Dropped,8134467, USD 5 Mio - 10 Mio, Prentice, Rhianne, Farmland Industries Inc., 04/05/2015, , , , , 08/03/2016, , USD, 15.000.000, Surabaya, M292048, PWTB 173, Raffles 1337, N, N, Wine|Philantropy|Watches|Golf|Startups|Art
Dropped,7326701, USD 5 Mio - 10 Mio, Cabrera, Aniyah, Federal Mogul Corp., 29/05/2017, , , , , 10/12/2017, , USD, 5.000.000, Hanoi, M545894, PBWS 12, Raffles 1, N, Y, Art|Exercise|Yachting
Profiled,3038709, USD 5 Mio - 10 Mio, Valenzuela, Jethro, Federated Department Stores Inc., 18/03/2016, , , , , , , SGD, 15.000.000, Phnom Penh, M292048, PWTB 173, Raffles 1337, N, N, Exercise|Golf|Octopus Watching|Ballooning|Knitting|Philantropy|Bird watching|Hunting
Dropped,75120000, USD 5 Mio - 10 Mio, Carrillo, Pedro, Federal Express Corp., 28/09/2014, , , , , 21/05/2015, , USD, 12.000.000, Singapore, M292048, PWTB 173, Raffles 1337, N, N, Scuba Diving|Mountaineering|Yachting|Exercise|Bird watching|Art|Fashion|Octopus Watching
Dropped,5289573, USD 1 Mio - 3 Mio, Benitez, Ari, Felcor Lodging Trust Inc., 19/03/2015, , , , , 10/11/2015, , USD, 15.000.000, Jakarta, M591400, PBWS 52, Singapore Market Vanda 2, N, N, Mountaineering|Skiing|Reading|Hunting|Fishing|Scuba Diving|Yachting
Met,49063812, > USD 20 Mio, Dolan, Ameerah, Ferro Corp., 15/07/2018, 24/07/2018, , , , , , USD, 12.000.000, Singapore, M796619, PBWS 10, Raffles 9, N, N, Ballooning|Startups|Wine|Reading
Dropped,3504878, USD 1 Mio - 3 Mio, Coates, Luis, Fidelity National Financial Inc., 05/11/2017, , , , , 14/12/2017, , USD, 20.000.000, Bangkok, M646312, PBWS 52, Singapore Market Vanda 2, N, N, Startups|Golf|Art|Tennis
Funded,18795168, < USD 1 Mio, Goodwin, Otis, Fifth Third Bancorp, 26/07/2017, 09/08/2017, 02/01/2018, 02/03/2018, 01/05/2018, ,6.98, USD, 5.000.000, Singapore, M247785, PBWS 10, Raffles 9, N, N, Yachting|Philantropy|Wine
Profiled,87775178, < USD 1 Mio, Cochran, Murray, First American Financial Corp., 30/01/2016, , , , , , , SGD, 12.000.000, Singapore, M218322, PBWS 10, Raffles 9, N, Y, Fishing|Motorsports|Startups|Ballooning
Met,76540509, < USD 1 Mio, Atkinson, Alan, First Data Corp., 22/11/2017, 08/12/2017, , , , , , USD, 10.000.000, Bangkok, M545894, PBWS 12, Raffles 1, N, Y, Exercise|Ballooning|Fashion|Knitting|Golf|Art|Skiing
Met,45695717, < USD 1 Mio, Cornish, Cooper, First National of Nebraska Inc., 29/06/2016, 03/07/2016, , , , , , SGD, 15.000.000, Johor, M796619, PBWS 10, Raffles 9, Y, N, Wine|Fashion|Octopus Watching
Profiled,83919124, > USD 20 Mio, Leonard, Phillipa, First Tennessee National Corp., 13/03/2016, , , , , , , SGD, 10.000.000, Singapore, M247785, PBWS 10, Raffles 9, N, Y, Yachting|Golf|Ballooning|Software Development|Skiing|Fishing|Mountaineering|Watches
Funded,11028929, USD 5 Mio - 10 Mio, Patrick, Elisabeth, FirstEnergy Corp., 06/09/2018, 25/09/2018, 03/03/2019, 18/04/2019, 25/04/2019, ,0.33, USD, 100.000.000, Davao City, M580605, PBWS 12, Raffles 1, N, N, Reading|Art|Fishing|Ballooning|Knitting|Skiing|Fashion|Motorsports
Met,78877547, USD 1 Mio - 3 Mio, Easton, Kingsley, Fiserv Inc., 07/10/2015, 21/10/2015, , , , , , USD, 20.000.000, Singapore, M292048, PWTB 173, Raffles 1337, N, N, Art|Octopus Watching|Startups|Motorsports|Golf|Tennis|Mountaineering|Hunting
Profiled,43147498, USD 1 Mio - 3 Mio, Rowe, Stacy, Fisher Scientific International Inc., 12/11/2016, , , , , , , USD, 12.000.000, Singapore, M292048, PWTB 173, Raffles 1337, N, N, Watches|Exercise|Wine|Tennis|Yachting|Startups|Motorsports
Dropped,88264671, > USD 20 Mio, Chambers, Kendal, FleetBoston Financial Co., 30/07/2014, , , , , 27/03/2015, , USD, 30.000.000, Surabaya, M020921, PBWS 101, APC Southeast Asia, N, N, Fishing|Tennis|Watches|Bird watching
Profiled,53203317, USD 1 Mio - 3 Mio, Ortega, Julian, Fleetwood Enterprises Inc., 08/03/2015, , , , , , , USD, 10.000.000, Bangkok, M646312, PBWS 52, Singapore Market Vanda 2, N, N, Golf|Hunting|Fashion|Startups|Octopus Watching
Met,4275354, > USD 20 Mio, Eaton, Maksymilian, Fleming Companies Inc., 13/11/2017, 27/11/2017, , , , , , USD, 12.000.000, South Tangerang, M379655, PBWS, Market Group, N, N, Startups|Art|Wine|Fashion
Funded,50274797, USD 5 Mio - 10 Mio, Hawes, Samantha, Flowers Foods Inc., 17/02/2015, 22/02/2015, 24/02/2015, 13/03/2015, 14/05/2015, ,0.95, USD, 12.000.000, Bangkok, M218322, PBWS 10, Raffles 9, Y, Y, Hunting|Motorsports|Skiing|Art
Profiled,45203721, USD 1 Mio - 3 Mio, Escobar, Jaimee, Flowserv Corp, 28/08/2017, , , , , , , USD, 12.000.000, Singapore, M247785, PBWS 10, Raffles 9, N, Y, Scuba Diving|Startups|Exercise|Software Development
Dropped,78645819, USD 5 Mio - 10 Mio, Dalton, Yvonne, Fluor Corp, 08/10/2016, , , , , 11/11/2016, , USD, 20.000.000, Hanoi, M218322, PBWS 10, Raffles 9, N, Y, Wine|Tennis|Knitting
Met,18096175, USD 1 Mio - 3 Mio, Mccann, Kaia, FMC Corp, 24/03/2015, 09/04/2015, , , , , , SGD, 20.000.000, Surabaya, M292048, PWTB 173, Raffles 1337, N, N, Skiing|Hunting|Tennis|Bird watching|Mountaineering
Profiled,5172950, < USD 1 Mio, Hughes, Clara, Foamex International Inc, 12/03/2017, , , , , , , USD, 10.000.000, Hong Kong, M796619, PBWS 10, Raffles 9, N, N, Startups|Tennis|Golf|Mountaineering|Knitting|Skiing|Watches
Profiled,5411794, USD 1 Mio - 3 Mio, Corrigan, Kathleen, Foot Locker Inc, 29/01/2017, , , , , , , USD, 10.000.000, Manila, M292048, PWTB 173, Raffles 1337, N, N, Knitting|Mountaineering|Skiing|Motorsports
Dropped,60015786, > USD 20 Mio, Plant, Taryn, Footstar Inc., 14/06/2018, , , , , 04/02/2019, , USD, 15.000.000, Singapore, M292048, PWTB 173, Raffles 1337, N, N, Software Development|Fashion|Ballooning
Dropped,35689602, < USD 1 Mio, Daniel, Kira, Ford Motor Co, 31/07/2017, , , , , 23/05/2018, , USD, 20.000.000, Surabaya, M292048, PWTB 173, Raffles 1337, N, N, Software Development|Reading|Watches|Knitting|Skiing|Ballooning
Dropped,3268598, < USD 1 Mio, Brooks, Ezra, Forest Laboratories Inc., 05/01/2015, , , , , 18/06/2015, , USD, 3.000.000, Hong Kong, M591400, PBWS 52, Singapore Market Vanda 2, N, N, Mountaineering|Art|Octopus Watching|Hunting|Watches
Met,5804648, > USD 20 Mio, Redfern, Grant, Fortune Brands Inc., 01/05/2018, 04/05/2018, , , , , , USD, 3.000.000, Singapore, M292048, PWTB 173, Raffles 1337, N, N, Mountaineering|Tennis|Exercise|Software Development|Reading
Profiled,46934475, < USD 1 Mio, Duarte, Finnley, Foster Wheeler Ltd., 06/02/2015, , , , , , , SGD, 20.000.000, Singapore, M218322, PBWS 10, Raffles 9, N, N, Knitting|Ballooning|Bird watching|Yachting|Philantropy|Fishing|Skiing|Reading
Dropped,86895872, USD 1 Mio - 3 Mio, Amin, Maja, FPL Group Inc., 24/01/2018, , , , , 02/03/2018, , USD, 100.000.000, Jakarta, M379655, PBWS, Market Group, N, N, Bird watching|Philantropy|Watches|Motorsports|Reading
Met,10118437, < USD 1 Mio, Castillo, Dev, Franklin Resources Inc., 03/03/2018, 13/03/2018, , , , , , SGD, 12.000.000, Ipoh Perak, M591400, PBWS 52, Singapore Market Vanda 2, N, N, Fishing|Software Development|Philantropy|Golf|Wine|Bird watching|Exercise
Profiled,74543703, USD 1 Mio - 3 Mio, Burt, Katey, Freeport McMoran Copper & Gold Inc., 01/10/2016, , , , , , , USD, 15.000.000, Surabaya, M379655, PBWS, Market Group, N, N, Bird watching|Fashion|Scuba Diving|Exercise|Wine|Ballooning|Mountaineering
Met,7138026, > USD 20 Mio, Pope, Iqra, Frontier Oil Corp, 25/07/2018, 28/07/2018, , , , , , SGD, 5.000.000, Phnom Penh, M379655, PBWS, Market Group, N, N, Motorsports|Hunting|Software Development|Skiing|Watches|Bird watching
Funded,8501949, USD 1 Mio - 3 Mio, Cano, Pascal, Furniture Brands International Inc., 15/03/2016, 29/03/2016, 14/04/2016, 23/05/2016, 04/08/2016, ,0.15, SGD, 5.000.000, Manila, M796619, PBWS 10, Raffles 9, N, N, Startups|Watches|Octopus Watching|Bird watching|Mountaineering|Knitting|Software Development|Philantropy
Dropped,2625577, < USD 1 Mio, Kennedy, Kayne, Gannett Co. Inc., 03/07/2016, , , , , 03/10/2016, , USD, 10.000.000, Hanoi, M472665, PBWS, Market Group, N, Y, Bird watching|Yachting|Knitting|Motorsports
Profiled,9191801, USD 1 Mio - 3 Mio, Massey, Emme, Gap Inc., 02/06/2014, , , , , , , SGD, 10.000.000, Hong Kong, M292048, PWTB 173, Raffles 1337, N, N, Hunting|Motorsports|Tennis|Golf|Fishing|Watches
Funded,20956212, USD 5 Mio - 10 Mio, Byers, Shivani, Gateway Inc., 11/09/2018, 30/09/2018, 08/02/2019, 02/04/2019, 21/07/2019, ,3.59, USD, 10.000.000, Manila, M796619, PBWS 10, Raffles 9, N, N, Fishing|Watches|Golf|Ballooning|Knitting|Art
Dropped,6698538, < USD 1 Mio, Sampson, Lilly-Rose, GATX Corporation, 04/02/2015, , , , , 23/05/2015, , USD, 3.000.000, Singapore, M247785, PBWS 10, Raffles 9, N, N, Yachting|Fishing|Ballooning|Exercise|Scuba Diving|Software Development
Met,5653342, USD 5 Mio - 10 Mio, Beard, Dante, Gemstar-TV Guide International Inc., 01/07/2014, 04/07/2014, , , , , , USD, 12.000.000, Singapore, M545894, PBWS 12, Raffles 1, N, N, Watches|Golf|Octopus Watching|Reading|Mountaineering|Tennis|Fishing|Ballooning
Profiled,7804910, > USD 20 Mio, Vickers, Ava-Rose, GenCorp Inc., 06/05/2017, , , , , , , SGD, 12.000.000, Singapore, M292048, PWTB 173, Raffles 1337, N, N, Fashion|Exercise|Mountaineering|Ballooning|Yachting|Golf|Bird watching|Fishing
Profiled,6643400, < USD 1 Mio, Fitzgerald, Kester, General Cable Corporation, 21/04/2016, , , , , , , USD, 5.000.000, Manila, M292048, PWTB 173, Raffles 1337, N, N, Software Development|Tennis|Skiing|Bird watching|Fishing
Profiled,40691280, USD 1 Mio - 3 Mio, Gibbons, Havin, General Dynamics Corporation, 10/11/2014, , , , , , , USD, 20.000.000, Davao City, M247785, PBWS 10, Raffles 9, N, N, Octopus Watching|Scuba Diving|Watches|Mountaineering|Exercise|Motorsports
Dropped,14964304, < USD 1 Mio, Stubbs, Geraint, General Electric Company, 11/09/2016, , , , , 22/10/2016, , SGD, 15.000.000, Davao City, M218322, PBWS 10, Raffles 9, N, N, Ballooning|Scuba Diving|Mountaineering|Motorsports
Dropped,541460, USD 5 Mio - 10 Mio, Marshall, Herbert, General Mills Inc, 24/11/2017, , , , , 04/09/2018, , USD, 20.000.000, Bangkok, M247785, PBWS 10, Raffles 9, N, Y, Fishing|Watches|Ballooning|Reading|Knitting|Scuba Diving|Motorsports|Tennis
Dropped,8625105, USD 5 Mio - 10 Mio, Dominguez, Daisy-May, General Motors Corporation, 22/04/2018, , , , , 11/10/2018, , USD, 15.000.000, Hanoi, M247785, PBWS 10, Raffles 9, N, N, Fishing|Scuba Diving|Wine|Skiing|Fashion|Exercise|Mountaineering|Philantropy
Funded,6703485, USD 1 Mio - 3 Mio, Duran, Dwayne, Genesis Health Ventures Inc., 30/08/2016, 11/09/2016, 09/11/2016, 10/12/2016, 11/01/2017, ,0.26, SGD, 12.000.000, Singapore, M292048, PWTB 173, Raffles 1337, N, N, Startups|Tennis|Reading
Dropped,5164172, > USD 20 Mio, Erickson, Killian, Gentek Inc., 29/05/2016, , , , , 05/10/2016, , USD, 10.000.000, Davao City, M292048, PWTB 173, Raffles 1337, Y, N, Bird watching|Knitting|Golf
Dropped,9978684, < USD 1 Mio, Carney, Parris, Gentiva Health Services Inc., 12/01/2017, , , , , 12/11/2017, , SGD, 15.000.000, Bangkok, M247785, PBWS 10, Raffles 9, N, N, Hunting|Knitting|Art|Bird watching|Fishing|Philantropy|Startups|Reading
Dropped,9252787, > USD 20 Mio, Hodges, Rebekka, Genuine Parts Company, 16/10/2016, , , , , 07/11/2016, , SGD, 12.000.000, Gadong, M796619, PBWS 10, Raffles 9, N, N, Philantropy|Startups|Golf|Mountaineering|Yachting|Knitting
Dropped,64879433, > USD 20 Mio, Butler, Ellesha, Genuity Inc., 29/08/2014, , , , , 25/11/2014, , SGD, 10.000.000, Semarang, M580605, PBWS 12, Raffles 1, N, N, Skiing|Golf|Reading|Philantropy|Yachting
Dropped,59162159, USD 5 Mio - 10 Mio, Ritter, Mateusz, Genzyme Corporation, 21/10/2015, , , , , 19/12/2015, , USD, 12.000.000, Bangkok, M646312, PBWS 52, Singapore Market Vanda 2, N, N, Watches|Philantropy|Motorsports|Reading|Bird watching|Software Development|Wine|Golf
Profiled,81551740, USD 5 Mio - 10 Mio, Love, Gabriela, Georgia Gulf Corporation, 24/11/2017, , , , , , , SGD, 5.000.000, Manila, M472665, PBWS, Market Group, N, N, Hunting|Fishing|Octopus Watching
Met,7985388, > USD 20 Mio, Carty, Farrah, Georgia-Pacific Corporation, 21/07/2015, 22/07/2015, , , , , , USD, 15.000.000, Singapore, M292048, PWTB 173, Raffles 1337, N, N, Philantropy|Fishing|Bird watching|Startups|Tennis|Reading|Golf|Hunting
Dropped,5232384, < USD 1 Mio, Ratliff, Marco, Gillette Company, 15/08/2015, , , , , 02/11/2015, , SGD, 100.000.000, Singapore, M020921, PBWS 101, APC Southeast Asia, N, N, Tennis|Exercise|Fashion|Fishing|Software Development|Ballooning
Dropped,76346606, USD 5 Mio - 10 Mio, Reed, Shelby, Gold Kist Inc., 05/06/2014, , , , , 29/06/2014, , SGD, 3.000.000, Singapore, M292048, PWTB 173, Raffles 1337, N, N, Art|Knitting|Wine|Fishing
Profiled,47356152, > USD 20 Mio, Arias, Emilie, Golden State Bancorp Inc., 05/05/2017, , , , , , , USD, 20.000.000, South Tangerang, M292048, PWTB 173, Raffles 1337, N, N, Knitting|Scuba Diving|Ballooning
Met,1984866, > USD 20 Mio, Oconnor, Faheem, Golden West Financial Corporation, 10/07/2014, 17/07/2014, , , , , , USD, 12.000.000, Singapore, M472665, PBWS, Market Group, N, N, Watches|Yachting|Ballooning
Met,7439341, USD 1 Mio - 3 Mio, Mcdowell, Harper-Rose, Goldman Sachs Group Inc., 31/12/2016, 16/01/2016, , , , , , SGD, 15.000.000, Hanoi, M218322, PBWS 10, Raffles 9, N, N, Art|Fashion|Bird watching|Fishing|Motorsports|Knitting|Reading|Ballooning
Dropped,4440328, USD 5 Mio - 10 Mio, Hirst, Lilith, Goodrich Corporation, 12/11/2016, , , , , 01/04/2017, , SGD, 30.000.000, Surabaya, M218322, PBWS 10, Raffles 9, N, Y, Yachting|Art|Bird watching|Hunting|Wine
Profiled,15308675, USD 5 Mio - 10 Mio, Winters, Rogan, The Goodyear Tire & Rubber Company, 27/04/2018, , , , , , , USD, 15.000.000, Singapore, M379655, PBWS, Market Group, N, N, Yachting|Startups|Fishing|Art|Octopus Watching
Profiled,2079321, USD 5 Mio - 10 Mio, Parry, Yasemin, Granite Construction Incorporated, 02/07/2015, , , , , , , USD, 10.000.000, Hai Phong, M292048, PWTB 173, Raffles 1337, N, N, Mountaineering|Tennis|Reading|Ballooning|Motorsports|Watches
Dropped,50566129, > USD 20 Mio, Gross, Maha, Graybar Electric Company Inc., 10/11/2014, , , , , 15/07/2015, , SGD, 15.000.000, Manila, M379655, PBWS, Market Group, N, N, Tennis|Hunting|Startups|Exercise
Funded,1588096, < USD 1 Mio, Moody, Katy, Great Lakes Chemical Corporation, 03/01/2016, 14/01/2016, 04/07/2016, 11/07/2016, 18/08/2016, ,5.25, USD, 3.000.000, Hong Kong, M292048, PWTB 173, Raffles 1337, N, N, Tennis|Watches|Octopus Watching|Bird watching|Yachting
Dropped,7215281, > USD 20 Mio, Webber, Zane, Great Plains Energy Inc., 10/07/2016, , , , , 04/11/2016, , SGD, 12.000.000, Ho Chi Minh, M020921, PBWS 101, APC Southeast Asia, N, N, Motorsports|Startups|Octopus Watching|Fishing|Ballooning|Philantropy
Met,8454039, < USD 1 Mio, Thorne, Zayne, GreenPoint Financial Corp., 11/02/2015, 25/02/2015, , , , , , USD, 10.000.000, Singapore, M292048, PWTB 173, Raffles 1337, N, Y, Scuba Diving|Philantropy|Exercise|Mountaineering
Profiled,41662180, > USD 20 Mio, Dawson, Iga, Greif Bros. Corporation, 05/09/2016, , , , , , , SGD, 10.000.000, Hanoi, M292048, PWTB 173, Raffles 1337, N, N, Golf|Knitting|Watches|Fishing|Skiing|Motorsports
Dropped,28360463, < USD 1 Mio, Foster, Audrey, Grey Global Group Inc., 09/08/2018, , , , , 07/02/2019, , USD, 15.000.000, Singapore, M580605, PBWS 12, Raffles 1, N, N, Exercise|Reading|Tennis|Ballooning|Knitting|Watches|Hunting
Funded,395440, > USD 20 Mio, Schroeder, Shuaib, Group 1 Automotive Inc., 05/04/2018, 15/04/2018, 13/10/2018, 17/10/2018, 04/01/2019, ,25.18, SGD, 3.000.000, Gadong, M292048, PWTB 173, Raffles 1337, Y, N, Reading|Software Development|Ballooning|Tennis|Bird watching|Yachting
Met,493367, USD 1 Mio - 3 Mio, Harding, Ceri, Guidant Corporation, 22/10/2018, 01/11/2018, , , , , , USD, 15.000.000, Singapore, M646312, PBWS 52, Singapore Market Vanda 2, N, N, Skiing|Watches|Software Development|Ballooning|Golf
Dropped,96287167, > USD 20 Mio, Harmon, Faisal, H&R Block Inc., 10/09/2015, , , , , 24/02/2016, , SGD, 20.000.000, Hong Kong, M472665, PBWS, Market Group, N, N, Software Development|Yachting|Exercise|Scuba Diving
Profiled,3334040, < USD 1 Mio, Cash, Alec, H.B. Fuller Company, 12/06/2015, , , , , , , USD, 15.000.000, Surabaya, M292048, PWTB 173, Raffles 1337, N, N, Fashion|Octopus Watching|Knitting|Fishing|Exercise|Software Development
Dropped,76065439, < USD 1 Mio, Ponce, Siobhan, H.J. Heinz Company, 24/06/2018, , , , , 02/11/2018, , SGD, 30.000.000, Manila, M292048, PWTB 173, Raffles 1337, N, N, Startups|Reading|Mountaineering|Yachting|Knitting|Art
Met,84569905, < USD 1 Mio, Dickens, Anna-Marie, Halliburton Co., 05/05/2015, 14/05/2015, , , , , , USD, 10.000.000, Hong Kong, M292048, PWTB 173, Raffles 1337, N, N, Reading|Hunting|Ballooning|Software Development
Met,5258371, USD 5 Mio - 10 Mio, Munro, Addie, Harley-Davidson Inc., 21/04/2015, 30/04/2015, , , , , , USD, 10.000.000, Merlimau Melaka, M020921, PBWS 101, APC Southeast Asia, Y, N, Ballooning|Fishing|Bird watching|Watches|Hunting|Wine
Dropped,2539415, USD 1 Mio - 3 Mio, Lutz, Marina, Harman International Industries Inc., 14/10/2016, , , , , 07/03/2017, , USD, 12.000.000, Hong Kong, M292048, PWTB 173, Raffles 1337, N, Y, Software Development|Watches|Scuba Diving|Reading|Startups|Golf
Dropped,99991334, USD 5 Mio - 10 Mio, Molina, Nyla, Harrah's Entertainment Inc., 19/09/2015, , , , , 15/11/2015, , USD, 15.000.000, Singapore, M292048, PWTB 173, Raffles 1337, N, N, Bird watching|Motorsports|Software Development|Wine|Tennis|Art|Startups|Reading
Funded,56737191, < USD 1 Mio, Gaines, Arron, Harris Corp., 23/03/2016, 02/04/2016, 17/08/2016, 07/09/2016, 11/10/2016, ,0.05, USD, 3.000.000, Manila, M545894, PBWS 12, Raffles 1, N, N, Motorsports|Philantropy|Skiing|Golf|Software Development
Met,87197428, USD 1 Mio - 3 Mio, Coulson, Zakary, Harsco Corp., 06/02/2015, 19/02/2015, , , , , , USD, 30.000.000, Singapore, M292048, PWTB 173, Raffles 1337, N, N, Bird watching|Motorsports|Skiing|Hunting|Philantropy|Tennis
Met,8839684, USD 1 Mio - 3 Mio, Patel, Lily-Anne, Hartford Financial Services Group Inc., 10/11/2015, 25/11/2015, , , , , , USD, 10.000.000, Singapore, M591400, PBWS 52, Singapore Market Vanda 2, N, N, Watches|Octopus Watching|Exercise|Ballooning|Startups|Bird watching
Funded,96590942, USD 1 Mio - 3 Mio, Curry, Syed, Hasbro Inc., 25/02/2017, 14/03/2017, 15/05/2017, 19/06/2017, 08/10/2017, ,0.97, USD, 15.000.000, Singapore, M218322, PBWS 10, Raffles 9, N, N, Reading|Motorsports|Scuba Diving|Skiing|Watches
Met,5753497, USD 1 Mio - 3 Mio, Boyd, Mahad, Hawaiian Electric Industries Inc., 02/08/2015, 10/08/2015, , , , , , USD, 15.000.000, Singapore, M292048, PWTB 173, Raffles 1337, N, Y, Golf|Fishing|Startups|Mountaineering|Software Development|Watches
Met,6716357, USD 5 Mio - 10 Mio, Barrera, Cherish, HCA Inc., 14/11/2015, 27/11/2015, , , , , , SGD, 20.000.000, Jakarta, M292048, PWTB 173, Raffles 1337, N, N, Scuba Diving|Bird watching|Skiing
Profiled,71699056, < USD 1 Mio, Turnbull, Darius, Health Management Associates Inc., 08/07/2015, , , , , , , USD, 12.000.000, Bangkok, M292048, PWTB 173, Raffles 1337, N, N, Tennis|Skiing|Mountaineering|Hunting|Reading|Fishing|Octopus Watching
Dropped,7320171, > USD 20 Mio, Allman, Reuben, Health Net Inc., 03/10/2018, , , , , 03/12/2018, , SGD, 15.000.000, Singapore, M591400, PBWS 52, Singapore Market Vanda 2, N, Y, Yachting|Knitting|Fishing|Reading|Skiing|Startups|Ballooning|Bird watching
Met,7903153, < USD 1 Mio, Sanchez, Jasmin, Healthsouth Corp, 27/01/2017, 14/02/2017, , , , , , SGD, 20.000.000, Singapore, M247785, PBWS 10, Raffles 9, N, N, Skiing|Golf|Yachting|Tennis
Profiled,66933167, > USD 20 Mio, Wilde, Tracy, Henry Schein Inc., 05/08/2015, , , , , , , USD, 30.000.000, Johor, M591400, PBWS 52, Singapore Market Vanda 2, N, Y, Software Development|Hunting|Exercise
Funded,22334428, USD 1 Mio - 3 Mio, Brown, Lianne, Hercules Inc., 09/10/2014, 09/10/2014, 12/12/2014, 27/01/2015, 09/03/2015, ,5.44, SGD, 3.000.000, Jakarta, M218322, PBWS 10, Raffles 9, N, N, Exercise|Yachting|Philantropy|Skiing|Mountaineering|Ballooning|Motorsports|Knitting
Dropped,21487282, < USD 1 Mio, Stout, Stacey, Herman Miller Inc., 05/06/2018, , , , , 08/02/2019, , SGD, 5.000.000, Hanoi, M646312, PBWS 52, Singapore Market Vanda 2, N, N, Yachting|Reading|Knitting|Mountaineering
Met,12677929, < USD 1 Mio, Hunt, Jorge, Hershey Foods Corp., 08/11/2016, 14/11/2016, , , , , , USD, 15.000.000, Hanoi, M020921, PBWS 101, APC Southeast Asia, N, N, Skiing|Reading|Bird watching|Ballooning|Motorsports|Philantropy|Scuba Diving|Yachting
Dropped,2352157, USD 1 Mio - 3 Mio, Levine, Courtney, Hewlett-Packard Company, 12/05/2018, , , , , 23/01/2019, , SGD, 12.000.000, Bandung, M247785, PBWS 10, Raffles 9, Y, Y, Skiing|Octopus Watching|Yachting
Dropped,76227456, USD 5 Mio - 10 Mio, Iles, Ayman, Hibernia Corp., 16/05/2016, , , , , 26/10/2016, , SGD, 10.000.000, Ho Chi Minh, M545894, PBWS 12, Raffles 1, N, Y, Mountaineering|Knitting|Bird watching|Ballooning|Fishing|Golf|Hunting|Philantropy
Met,9199405, USD 5 Mio - 10 Mio, Roberson, Maurice, Hillenbrand Industries Inc., 29/04/2018, 14/05/2018, , , , , , USD, 30.000.000, Singapore, M292048, PWTB 173, Raffles 1337, N, N, Yachting|Mountaineering|Fashion|Tennis|Wine|Octopus Watching|Software Development|Golf
Met,32110430, USD 5 Mio - 10 Mio, Hinton, Kean, Hilton Hotels Corp., 12/11/2015, 29/11/2015, , , , , , USD, 10.000.000, Singapore, M247785, PBWS 10, Raffles 9, N, Y, Ballooning|Exercise|Software Development
Met,6305057, > USD 20 Mio, Saunders, Leighton, Hollywood Entertainment Corp., 13/04/2017, 02/05/2017, , , , , , SGD, 15.000.000, Bangkok, M545894, PBWS 12, Raffles 1, N, Y, Fishing|Mountaineering|Reading|Ballooning|Octopus Watching
Met,66109533, > USD 20 Mio, Mcconnell, Alexandria, Home Depot Inc., 30/12/2016, 17/01/2017, , , , , , USD, 20.000.000, Hong Kong, M796619, PBWS 10, Raffles 9, N, N, Knitting|Software Development|Mountaineering|Skiing|Philantropy|Motorsports|Yachting
Dropped,7735522, USD 5 Mio - 10 Mio, Hooper, Connar, Hon Industries Inc., 26/03/2016, , , , , 09/11/2016, , USD, 10.000.000, Singapore, M580605, PBWS 12, Raffles 1, N, Y, Startups|Motorsports|Art|Octopus Watching|Knitting|Fashion|Philantropy
Met,42395884, < USD 1 Mio, Hayward, Zishan, Honeywell International Inc., 26/02/2018, 03/03/2018, , , , , , SGD, 10.000.000, Jakarta, M580605, PBWS 12, Raffles 1, N, N, Mountaineering|Skiing|Fishing|Philantropy
Dropped,7489637, < USD 1 Mio, Fleming, Adnaan, Hormel Foods Corp., 25/03/2016, , , , , 14/08/2016, , USD, 30.000.000, Singapore, M292048, PWTB 173, Raffles 1337, N, N, Wine|Golf|Watches|Octopus Watching|Motorsports|Startups|Scuba Diving|Philantropy
Funded,66361507, < USD 1 Mio, Kavanagh, Enoch, Host Marriott Corp., 20/06/2017, 26/06/2017, 06/01/2018, 02/02/2018, 25/05/2018, ,0.08, USD, 20.000.000, Singapore, M591400, PBWS 52, Singapore Market Vanda 2, N, N, Watches|Scuba Diving|Mountaineering
Met,9792448, < USD 1 Mio, Knox, Jo, Household International Corp., 12/01/2015, 16/01/2015, , , , , , USD, 15.000.000, Davao City, M545894, PBWS 12, Raffles 1, Y, Y, Watches|Bird watching|Ballooning|Skiing
Dropped,9527518, USD 1 Mio - 3 Mio, Evans, Melisa, Hovnanian Enterprises Inc., 07/08/2018, , , , , 04/09/2018, , USD, 10.000.000, Singapore, M292048, PWTB 173, Raffles 1337, N, Y, Scuba Diving|Fashion|Fishing|Motorsports|Ballooning|Startups
Dropped,86145606, > USD 20 Mio, Lam, Briony, Hub Group Inc., 18/06/2014, , , , , 29/12/2015, , USD, 12.000.000, Hong Kong, M020921, PBWS 101, APC Southeast Asia, Y, N, Ballooning|Wine|Software Development|Skiing